[2026-06-12 08:08:40Z INFO HostContext] No proxy settings were found based on environmental variables (http_proxy/https_proxy/HTTP_PROXY/HTTPS_PROXY)
[2026-06-12 08:08:40Z INFO HostContext] Well known directory 'Bin': 'C:\Users\user\IdeaProjects\AssignmentDay37\actions-runner\bin'
[2026-06-12 08:08:40Z INFO HostContext] Well known directory 'Root': 'C:\Users\user\IdeaProjects\AssignmentDay37\actions-runner'
[2026-06-12 08:08:40Z INFO HostContext] Well known config file 'Credentials': 'C:\Users\user\IdeaProjects\AssignmentDay37\actions-runner\.credentials'
[2026-06-12 08:08:40Z INFO HostContext] Well known directory 'Bin': 'C:\Users\user\IdeaProjects\AssignmentDay37\actions-runner\bin'
[2026-06-12 08:08:40Z INFO HostContext] Well known directory 'Root': 'C:\Users\user\IdeaProjects\AssignmentDay37\actions-runner'
[2026-06-12 08:08:40Z INFO HostContext] Well known config file 'Runner': 'C:\Users\user\IdeaProjects\AssignmentDay37\actions-runner\.runner'
[2026-06-12 08:08:40Z INFO Worker] Version: 2.334.0
[2026-06-12 08:08:40Z INFO Worker] Commit: f1995ede5d885c997d13d8eca5467c4ce97fe69c
[2026-06-12 08:08:40Z INFO Worker] Culture: en-ID
[2026-06-12 08:08:40Z INFO Worker] UI Culture: en-US
[2026-06-12 08:08:40Z INFO Worker] Waiting to receive the job message from the channel.
[2026-06-12 08:08:40Z INFO ProcessChannel] Receiving message of length 22987, with hash '9a238a0ec05eb0eb653d194db69e15716065c3cee8d4571ded7e2e9c678f2a70'
[2026-06-12 08:08:41Z INFO Worker] Message received.
[2026-06-12 08:08:41Z INFO Worker] Job message:
 {
  "environmentVariables": [
    {
      "type": 2,
      "file": 1,
      "line": 8,
      "col": 3,
      "map": [
        {
          "key": {
            "type": 0,
            "file": 1,
            "line": 8,
            "col": 3,
            "lit": "JAVA_VERSION"
          },
          "value": {
            "type": 0,
            "file": 1,
            "line": 8,
            "col": 17,
            "lit": "17"
          }
        },
        {
          "key": {
            "type": 0,
            "file": 1,
            "line": 9,
            "col": 3,
            "lit": "GRADLE_OPTS"
          },
          "value": {
            "type": 0,
            "file": 1,
            "line": 9,
            "col": 16,
            "lit": "-Dorg.gradle.daemon=false -Dorg.gradle.workers.max=2"
          }
        }
      ]
    }
  ],
  "fileTable": [
    ".github/workflows/workflow.yml"
  ],
  "mask": [
    {
      "type": "regex",
      "value": "***"
    },
    {
      "type": "regex",
      "value": "***"
    },
    {
      "type": "regex",
      "value": "***"
    },
    {
      "type": "regex",
      "value": "***"
    },
    {
      "type": "regex",
      "value": "***"
    },
    {
      "type": "regex",
      "value": "***"
    },
    {
      "type": "regex",
      "value": "***"
    },
    {
      "type": "regex",
      "value": "***"
    },
    {
      "type": "regex",
      "value": "***"
    },
    {
      "type": "regex",
      "value": "***"
    },
    {
      "type": "regex",
      "value": "***"
    },
    {
      "type": "regex",
      "value": "***"
    },
    {
      "type": "regex",
      "value": "***"
    },
    {
      "type": "regex",
      "value": "***"
    },
    {
      "type": "regex",
      "value": "***"
    },
    {
      "type": "regex",
      "value": "***"
    },
    {
      "type": "regex",
      "value": "***"
    },
    {
      "type": "regex",
      "value": "***"
    },
    {
      "type": "regex",
      "value": "***"
    },
    {
      "type": "regex",
      "value": "***"
    },
    {
      "type": "regex",
      "value": "***"
    },
    {
      "type": "regex",
      "value": "***"
    },
    {
      "type": "regex",
      "value": "***"
    },
    {
      "type": "regex",
      "value": "***"
    }
  ],
  "steps": [
    {
      "type": "action",
      "reference": {
        "type": "repository",
        "name": "actions/checkout",
        "ref": "v4",
        "repositoryType": "GitHub"
      },
      "displayNameToken": {
        "type": 0,
        "file": 1,
        "line": 15,
        "col": 15,
        "lit": "Checkout"
      },
      "contextName": "__actions_checkout",
      "inputs": {
        "type": 2,
        "file": 1,
        "line": 18,
        "col": 11,
        "map": [
          {
            "key": {
              "type": 0,
              "file": 1,
              "line": 18,
              "col": 11,
              "lit": "fetch-depth"
            },
            "value": {
              "type": 0,
              "file": 1,
              "line": 18,
              "col": 24,
              "lit": "0"
            }
          }
        ]
      },
      "condition": "success()",
      "id": "0f4fc4f8-f50a-442d-9795-f0fb5648f85c",
      "name": "__actions_checkout"
    },
    {
      "type": "action",
      "reference": {
        "type": "script"
      },
      "displayNameToken": {
        "type": 0,
        "file": 1,
        "line": 20,
        "col": 15,
        "lit": "Run All Test"
      },
      "contextName": "__run",
      "inputs": {
        "type": 2,
        "map": [
          {
            "key": "script",
            "value": {
              "type": 0,
              "file": 1,
              "line": 21,
              "col": 14,
              "lit": "./gradlew clean test"
            }
          }
        ]
      },
      "condition": "success()",
      "id": "32a4d18d-d2de-4cac-8de7-c99c812d1546",
      "name": "__run"
    }
  ],
  "variables": {
    "Actions.EnableHttpRedirects": {
      "value": "true"
    },
    "DistributedTask.AddWarningToNode12Action": {
      "value": "true"
    },
    "DistributedTask.AddWarningToNode16Action": {
      "value": "true"
    },
    "DistributedTask.AllowRunnerContainerHooks": {
      "value": "true"
    },
    "DistributedTask.DeprecateStepOutputCommands": {
      "value": "true"
    },
    "DistributedTask.DetailUntarFailure": {
      "value": "true"
    },
    "DistributedTask.EnableCompositeActions": {
      "value": "true"
    },
    "DistributedTask.EnableJobServerQueueTelemetry": {
      "value": "true"
    },
    "DistributedTask.EnhancedAnnotations": {
      "value": "true"
    },
    "DistributedTask.ForceGithubJavascriptActionsToNode16": {
      "value": "true"
    },
    "DistributedTask.ForceGithubJavascriptActionsToNode20": {
      "value": "true"
    },
    "DistributedTask.LogTemplateErrorsAsDebugMessages": {
      "value": "true"
    },
    "DistributedTask.MarkJobAsFailedOnWorkerCrash": {
      "value": "true"
    },
    "DistributedTask.NewActionMetadata": {
      "value": "true"
    },
    "DistributedTask.UploadStepSummary": {
      "value": "true"
    },
    "DistributedTask.UseActionArchiveCache": {
      "value": "true"
    },
    "DistributedTask.UseWhich2": {
      "value": "true"
    },
    "RunService.FixEmbeddedIssues": {
      "value": "true"
    },
    "actions.runner.requirenode24": {
      "value": "false"
    },
    "actions.runner.usenode24bydefault": {
      "value": "false"
    },
    "actions.runner.warnonnode20": {
      "value": "true"
    },
    "actions_add_check_run_id_to_job_context": {
      "value": "true"
    },
    "actions_batch_action_resolution": {
      "value": "false"
    },
    "actions_container_action_runner_temp": {
      "value": "true"
    },
    "actions_display_helpful_actions_download_errors": {
      "value": "true"
    },
    "actions_runner_compare_workflow_parser": {
      "value": "false"
    },
    "actions_runner_deprecate_linux_arm32": {
      "value": "false"
    },
    "actions_runner_emit_composite_markers": {
      "value": "false"
    },
    "actions_runner_kill_linux_arm32": {
      "value": "false"
    },
    "actions_runner_node20_removal_date": {
      "value": ""
    },
    "actions_runner_node24_default_date": {
      "value": "June 16th, 2026"
    },
    "actions_service_container_command": {
      "value": "true"
    },
    "actions_set_orchestration_id_env_for_actions": {
      "value": "true"
    },
    "actions_skip_retry_complete_job_upon_known_errors": {
      "value": "true"
    },
    "actions_snapshot_preflight_hosted_runner_check": {
      "value": "false"
    },
    "actions_snapshot_preflight_image_gen_pool_check": {
      "value": "false"
    },
    "actions_use_bearer_token_for_codeload": {
      "value": "false"
    },
    "actions_uses_cache_service_v2": {
      "value": "true"
    },
    "github_token": {
      "value": "***",
      "isSecret": true
    },
    "system.from_run_service": {
      "value": "true"
    },
    "system.github.job": {
      "value": "test"
    },
    "system.github.launch_endpoint": {
      "value": "https://launch.actions.githubusercontent.com"
    },
    "system.github.results_endpoint": {
      "value": "https://results-receiver.actions.githubusercontent.com/"
    },
    "system.github.results_upload_with_sdk": {
      "value": "true"
    },
    "system.github.token": {
      "value": "***",
      "isSecret": true
    },
    "system.github.token.permissions": {
      "value": "{\"Contents\":\"read\",\"Metadata\":\"read\",\"Packages\":\"read\"}"
    },
    "system.orchestrationId": {
      "value": "8100717b-2c0c-4d2c-a913-504379f3d06e.test.__default"
    },
    "system.phaseDisplayName": {
      "value": "test"
    },
    "system.runner.lowdiskspacethreshold": {
      "value": "100"
    },
    "system.runnerEnvironment": {
      "value": "self-hosted"
    },
    "system.runnerGroupName": {
      "value": "Default"
    }
  },
  "messageType": "RunnerJobRequest",
  "plan": {
    "scopeIdentifier": "00000000-0000-0000-0000-000000000000",
    "planType": "actions",
    "version": 0,
    "planId": "8100717b-2c0c-4d2c-a913-504379f3d06e",
    "planGroup": null,
    "artifactUri": null,
    "artifactLocation": null,
    "definition": null,
    "owner": null
  },
  "timeline": {
    "id": "8100717b-2c0c-4d2c-a913-504379f3d06e",
    "changeId": 0,
    "location": null
  },
  "jobId": "8f25fbec-b404-5cdc-8536-7a7fcbb4430e",
  "jobDisplayName": "test",
  "jobName": "__default",
  "requestId": 0,
  "lockedUntil": "0001-01-01T00:00:00",
  "resources": {
    "endpoints": [
      {
        "data": {
          "ServerId": "",
          "ServerName": "",
          "CacheServerUrl": "https://artifactcache.actions.githubusercontent.com/BTag9cwDHXjbDejdFFyDO37q8iLQmdRqb9f6AQvToXQiOqJ3qY/",
          "FeedStreamUrl": "wss://results-receiver.actions.githubusercontent.com/_ws/ingest.sock",
          "ResultsServiceUrl": "https://results-receiver.actions.githubusercontent.com/",
          "PipelinesServiceUrl": "https://pipelinesghubeus11.actions.githubusercontent.com/BTag9cwDHXjbDejdFFyDO37q8iLQmdRqb9f6AQvToXQiOqJ3qY/",
          "GenerateIdTokenUrl": "",
          "ConnectivityChecks": "[\"https://broker.actions.githubusercontent.com/health\",\"https://token.actions.githubusercontent.com/ready\",\"https://run.actions.githubusercontent.com/health\"]"
        },
        "name": "SystemVssConnection",
        "url": "https://run-actions-1-azure-eastus.actions.githubusercontent.com/159/",
        "authorization": {
          "parameters": {
            "AccessToken": "***"
          },
          "scheme": "OAuth"
        },
        "isShared": false,
        "isReady": true
      }
    ]
  },
  "contextData": {
    "github": {
      "t": 2,
      "d": [
        {
          "k": "ref",
          "v": "refs/heads/master"
        },
        {
          "k": "sha",
          "v": "51aef2ef02a44fdf4f6bc3d5ff156bf2e60ff5f3"
        },
        {
          "k": "repository",
          "v": "RadenFR/Advanced-Mobile-Automation-Test"
        },
        {
          "k": "repository_owner",
          "v": "RadenFR"
        },
        {
          "k": "repository_owner_id",
          "v": "155502184"
        },
        {
          "k": "repositoryUrl",
          "v": "git://github.com/RadenFR/Advanced-Mobile-Automation-Test.git"
        },
        {
          "k": "run_id",
          "v": "27403281686"
        },
        {
          "k": "run_number",
          "v": "1"
        },
        {
          "k": "retention_days",
          "v": "90"
        },
        {
          "k": "run_attempt",
          "v": "1"
        },
        {
          "k": "artifact_cache_size_limit",
          "v": "10"
        },
        {
          "k": "repository_visibility",
          "v": "public"
        },
        {
          "k": "actor_id",
          "v": "155502184"
        },
        {
          "k": "actor",
          "v": "RadenFR"
        },
        {
          "k": "workflow",
          "v": "Android Test using self hosted runner"
        },
        {
          "k": "head_ref",
          "v": ""
        },
        {
          "k": "base_ref",
          "v": ""
        },
        {
          "k": "event_name",
          "v": "push"
        },
        {
          "k": "server_url",
          "v": "https://github.com"
        },
        {
          "k": "api_url",
          "v": "https://api.github.com"
        },
        {
          "k": "graphql_url",
          "v": "https://api.github.com/graphql"
        },
        {
          "k": "ref_name",
          "v": "master"
        },
        {
          "k": "ref_protected",
          "v": false
        },
        {
          "k": "ref_type",
          "v": "branch"
        },
        {
          "k": "secret_source",
          "v": "Actions"
        },
        {
          "k": "event",
          "v": {
            "t": 2,
            "d": [
              {
                "k": "after",
                "v": "51aef2ef02a44fdf4f6bc3d5ff156bf2e60ff5f3"
              },
              {
                "k": "base_ref",
                "v": null
              },
              {
                "k": "before",
                "v": "d523bba646a6d3a9b47e726ac148b336bf6f8879"
              },
              {
                "k": "commits",
                "v": {
                  "t": 1,
                  "a": [
                    {
                      "t": 2,
                      "d": [
                        {
                          "k": "author",
                          "v": {
                            "t": 2,
                            "d": [
                              {
                                "k": "email",
                                "v": "radenfachrul22@gmail.com"
                              },
                              {
                                "k": "name",
                                "v": "Fachrul"
                              },
                              {
                                "k": "username",
                                "v": "RadenFR"
                              }
                            ]
                          }
                        },
                        {
                          "k": "committer",
                          "v": {
                            "t": 2,
                            "d": [
                              {
                                "k": "email",
                                "v": "radenfachrul22@gmail.com"
                              },
                              {
                                "k": "name",
                                "v": "Fachrul"
                              },
                              {
                                "k": "username",
                                "v": "RadenFR"
                              }
                            ]
                          }
                        },
                        {
                          "k": "distinct",
                          "v": true
                        },
                        {
                          "k": "id",
                          "v": "51aef2ef02a44fdf4f6bc3d5ff156bf2e60ff5f3"
                        },
                        {
                          "k": "message",
                          "v": "Assignment Day 37"
                        },
                        {
                          "k": "timestamp",
                          "v": "2026-06-12T15:07:44+07:00"
                        },
                        {
                          "k": "tree_id",
                          "v": "78ec46476b2689851843bfa1b1fee6df02e5acc3"
                        },
                        {
                          "k": "url",
                          "v": "https://github.com/RadenFR/Advanced-Mobile-Automation-Test/commit/51aef2ef02a44fdf4f6bc3d5ff156bf2e60ff5f3"
                        }
                      ]
                    }
                  ]
                }
              },
              {
                "k": "compare",
                "v": "https://github.com/RadenFR/Advanced-Mobile-Automation-Test/compare/d523bba646a6...51aef2ef02a4"
              },
              {
                "k": "created",
                "v": false
              },
              {
                "k": "deleted",
                "v": false
              },
              {
                "k": "forced",
                "v": false
              },
              {
                "k": "head_commit",
                "v": {
                  "t": 2,
                  "d": [
                    {
                      "k": "author",
                      "v": {
                        "t": 2,
                        "d": [
                          {
                            "k": "email",
                            "v": "radenfachrul22@gmail.com"
                          },
                          {
                            "k": "name",
                            "v": "Fachrul"
                          },
                          {
                            "k": "username",
                            "v": "RadenFR"
                          }
                        ]
                      }
                    },
                    {
                      "k": "committer",
                      "v": {
                        "t": 2,
                        "d": [
                          {
                            "k": "email",
                            "v": "radenfachrul22@gmail.com"
                          },
                          {
                            "k": "name",
                            "v": "Fachrul"
                          },
                          {
                            "k": "username",
                            "v": "RadenFR"
                          }
                        ]
                      }
                    },
                    {
                      "k": "distinct",
                      "v": true
                    },
                    {
                      "k": "id",
                      "v": "51aef2ef02a44fdf4f6bc3d5ff156bf2e60ff5f3"
                    },
                    {
                      "k": "message",
                      "v": "Assignment Day 37"
                    },
                    {
                      "k": "timestamp",
                      "v": "2026-06-12T15:07:44+07:00"
                    },
                    {
                      "k": "tree_id",
                      "v": "78ec46476b2689851843bfa1b1fee6df02e5acc3"
                    },
                    {
                      "k": "url",
                      "v": "https://github.com/RadenFR/Advanced-Mobile-Automation-Test/commit/51aef2ef02a44fdf4f6bc3d5ff156bf2e60ff5f3"
                    }
                  ]
                }
              },
              {
                "k": "pusher",
                "v": {
                  "t": 2,
                  "d": [
                    {
                      "k": "email",
                      "v": "155502184+RadenFR@users.noreply.github.com"
                    },
                    {
                      "k": "name",
                      "v": "RadenFR"
                    }
                  ]
                }
              },
              {
                "k": "ref",
                "v": "refs/heads/master"
              },
              {
                "k": "repository",
                "v": {
                  "t": 2,
                  "d": [
                    {
                      "k": "allow_forking",
                      "v": true
                    },
                    {
                      "k": "archive_url",
                      "v": "https://api.github.com/repos/RadenFR/Advanced-Mobile-Automation-Test/{archive_format}{/ref}"
                    },
                    {
                      "k": "archived",
                      "v": false
                    },
                    {
                      "k": "assignees_url",
                      "v": "https://api.github.com/repos/RadenFR/Advanced-Mobile-Automation-Test/assignees{/user}"
                    },
                    {
                      "k": "blobs_url",
                      "v": "https://api.github.com/repos/RadenFR/Advanced-Mobile-Automation-Test/git/blobs{/sha}"
                    },
                    {
                      "k": "branches_url",
                      "v": "https://api.github.com/repos/RadenFR/Advanced-Mobile-Automation-Test/branches{/branch}"
                    },
                    {
                      "k": "clone_url",
                      "v": "https://github.com/RadenFR/Advanced-Mobile-Automation-Test.git"
                    },
                    {
                      "k": "collaborators_url",
                      "v": "https://api.github.com/repos/RadenFR/Advanced-Mobile-Automation-Test/collaborators{/collaborator}"
                    },
                    {
                      "k": "comments_url",
                      "v": "https://api.github.com/repos/RadenFR/Advanced-Mobile-Automation-Test/comments{/number}"
                    },
                    {
                      "k": "commits_url",
                      "v": "https://api.github.com/repos/RadenFR/Advanced-Mobile-Automation-Test/commits{/sha}"
                    },
                    {
                      "k": "compare_url",
                      "v": "https://api.github.com/repos/RadenFR/Advanced-Mobile-Automation-Test/compare/{base}...{head}"
                    },
                    {
                      "k": "contents_url",
                      "v": "https://api.github.com/repos/RadenFR/Advanced-Mobile-Automation-Test/contents/{+path}"
                    },
                    {
                      "k": "contributors_url",
                      "v": "https://api.github.com/repos/RadenFR/Advanced-Mobile-Automation-Test/contributors"
                    },
                    {
                      "k": "created_at",
                      "v": 1781158616.0
                    },
                    {
                      "k": "default_branch",
                      "v": "master"
                    },
                    {
                      "k": "deployments_url",
                      "v": "https://api.github.com/repos/RadenFR/Advanced-Mobile-Automation-Test/deployments"
                    },
                    {
                      "k": "description",
                      "v": null
                    },
                    {
                      "k": "disabled",
                      "v": false
                    },
                    {
                      "k": "downloads_url",
                      "v": "https://api.github.com/repos/RadenFR/Advanced-Mobile-Automation-Test/downloads"
                    },
                    {
                      "k": "events_url",
                      "v": "https://api.github.com/repos/RadenFR/Advanced-Mobile-Automation-Test/events"
                    },
                    {
                      "k": "fork",
                      "v": false
                    },
                    {
                      "k": "forks",
                      "v": 0.0
                    },
                    {
                      "k": "forks_count",
                      "v": 0.0
                    },
                    {
                      "k": "forks_url",
                      "v": "https://api.github.com/repos/RadenFR/Advanced-Mobile-Automation-Test/forks"
                    },
                    {
                      "k": "full_name",
                      "v": "RadenFR/Advanced-Mobile-Automation-Test"
                    },
                    {
                      "k": "git_commits_url",
                      "v": "https://api.github.com/repos/RadenFR/Advanced-Mobile-Automation-Test/git/commits{/sha}"
                    },
                    {
                      "k": "git_refs_url",
                      "v": "https://api.github.com/repos/RadenFR/Advanced-Mobile-Automation-Test/git/refs{/sha}"
                    },
                    {
                      "k": "git_tags_url",
                      "v": "https://api.github.com/repos/RadenFR/Advanced-Mobile-Automation-Test/git/tags{/sha}"
                    },
                    {
                      "k": "git_url",
                      "v": "git://github.com/RadenFR/Advanced-Mobile-Automation-Test.git"
                    },
                    {
                      "k": "has_discussions",
                      "v": false
                    },
                    {
                      "k": "has_downloads",
                      "v": true
                    },
                    {
                      "k": "has_issues",
                      "v": true
                    },
                    {
                      "k": "has_pages",
                      "v": false
                    },
                    {
                      "k": "has_projects",
                      "v": true
                    },
                    {
                      "k": "has_pull_requests",
                      "v": true
                    },
                    {
                      "k": "has_wiki",
                      "v": true
                    },
                    {
                      "k": "homepage",
                      "v": null
                    },
                    {
                      "k": "hooks_url",
                      "v": "https://api.github.com/repos/RadenFR/Advanced-Mobile-Automation-Test/hooks"
                    },
                    {
                      "k": "html_url",
                      "v": "https://github.com/RadenFR/Advanced-Mobile-Automation-Test"
                    },
                    {
                      "k": "id",
                      "v": 1265856515.0
                    },
                    {
                      "k": "is_template",
                      "v": false
                    },
                    {
                      "k": "issue_comment_url",
                      "v": "https://api.github.com/repos/RadenFR/Advanced-Mobile-Automation-Test/issues/comments{/number}"
                    },
                    {
                      "k": "issue_events_url",
                      "v": "https://api.github.com/repos/RadenFR/Advanced-Mobile-Automation-Test/issues/events{/number}"
                    },
                    {
                      "k": "issues_url",
                      "v": "https://api.github.com/repos/RadenFR/Advanced-Mobile-Automation-Test/issues{/number}"
                    },
                    {
                      "k": "keys_url",
                      "v": "https://api.github.com/repos/RadenFR/Advanced-Mobile-Automation-Test/keys{/key_id}"
                    },
                    {
                      "k": "labels_url",
                      "v": "https://api.github.com/repos/RadenFR/Advanced-Mobile-Automation-Test/labels{/name}"
                    },
                    {
                      "k": "language",
                      "v": "Java"
                    },
                    {
                      "k": "languages_url",
                      "v": "https://api.github.com/repos/RadenFR/Advanced-Mobile-Automation-Test/languages"
                    },
                    {
                      "k": "license",
                      "v": null
                    },
                    {
                      "k": "master_branch",
                      "v": "master"
                    },
                    {
                      "k": "merges_url",
                      "v": "https://api.github.com/repos/RadenFR/Advanced-Mobile-Automation-Test/merges"
                    },
                    {
                      "k": "milestones_url",
                      "v": "https://api.github.com/repos/RadenFR/Advanced-Mobile-Automation-Test/milestones{/number}"
                    },
                    {
                      "k": "mirror_url",
                      "v": null
                    },
                    {
                      "k": "name",
                      "v": "Advanced-Mobile-Automation-Test"
                    },
                    {
                      "k": "node_id",
                      "v": "R_kgDOS3NwAw"
                    },
                    {
                      "k": "notifications_url",
                      "v": "https://api.github.com/repos/RadenFR/Advanced-Mobile-Automation-Test/notifications{?since,all,participating}"
                    },
                    {
                      "k": "open_issues",
                      "v": 0.0
                    },
                    {
                      "k": "open_issues_count",
                      "v": 0.0
                    },
                    {
                      "k": "owner",
                      "v": {
                        "t": 2,
                        "d": [
                          {
                            "k": "avatar_url",
                            "v": "https://avatars.githubusercontent.com/u/155502184?v=4"
                          },
                          {
                            "k": "email",
                            "v": "155502184+RadenFR@users.noreply.github.com"
                          },
                          {
                            "k": "events_url",
                            "v": "https://api.github.com/users/RadenFR/events{/privacy}"
                          },
                          {
                            "k": "followers_url",
                            "v": "https://api.github.com/users/RadenFR/followers"
                          },
                          {
                            "k": "following_url",
                            "v": "https://api.github.com/users/RadenFR/following{/other_user}"
                          },
                          {
                            "k": "gists_url",
                            "v": "https://api.github.com/users/RadenFR/gists{/gist_id}"
                          },
                          {
                            "k": "gravatar_id",
                            "v": ""
                          },
                          {
                            "k": "html_url",
                            "v": "https://github.com/RadenFR"
                          },
                          {
                            "k": "id",
                            "v": 155502184.0
                          },
                          {
                            "k": "login",
                            "v": "RadenFR"
                          },
                          {
                            "k": "name",
                            "v": "RadenFR"
                          },
                          {
                            "k": "node_id",
                            "v": "U_kgDOCUTGaA"
                          },
                          {
                            "k": "organizations_url",
                            "v": "https://api.github.com/users/RadenFR/orgs"
                          },
                          {
                            "k": "received_events_url",
                            "v": "https://api.github.com/users/RadenFR/received_events"
                          },
                          {
                            "k": "repos_url",
                            "v": "https://api.github.com/users/RadenFR/repos"
                          },
                          {
                            "k": "site_admin",
                            "v": false
                          },
                          {
                            "k": "starred_url",
                            "v": "https://api.github.com/users/RadenFR/starred{/owner}{/repo}"
                          },
                          {
                            "k": "subscriptions_url",
                            "v": "https://api.github.com/users/RadenFR/subscriptions"
                          },
                          {
                            "k": "type",
                            "v": "User"
                          },
                          {
                            "k": "url",
                            "v": "https://api.github.com/users/RadenFR"
                          },
                          {
                            "k": "user_view_type",
                            "v": "public"
                          }
                        ]
                      }
                    },
                    {
                      "k": "private",
                      "v": false
                    },
                    {
                      "k": "pull_request_creation_policy",
                      "v": "all"
                    },
                    {
                      "k": "pulls_url",
                      "v": "https://api.github.com/repos/RadenFR/Advanced-Mobile-Automation-Test/pulls{/number}"
                    },
                    {
                      "k": "pushed_at",
                      "v": 1781251713.0
                    },
                    {
                      "k": "releases_url",
                      "v": "https://api.github.com/repos/RadenFR/Advanced-Mobile-Automation-Test/releases{/id}"
                    },
                    {
                      "k": "size",
                      "v": 16310.0
                    },
                    {
                      "k": "ssh_url",
                      "v": "git@github.com:RadenFR/Advanced-Mobile-Automation-Test.git"
                    },
                    {
                      "k": "stargazers",
                      "v": 0.0
                    },
                    {
                      "k": "stargazers_count",
                      "v": 0.0
                    },
                    {
                      "k": "stargazers_url",
                      "v": "https://api.github.com/repos/RadenFR/Advanced-Mobile-Automation-Test/stargazers"
                    },
                    {
                      "k": "statuses_url",
                      "v": "https://api.github.com/repos/RadenFR/Advanced-Mobile-Automation-Test/statuses/{sha}"
                    },
                    {
                      "k": "subscribers_url",
                      "v": "https://api.github.com/repos/RadenFR/Advanced-Mobile-Automation-Test/subscribers"
                    },
                    {
                      "k": "subscription_url",
                      "v": "https://api.github.com/repos/RadenFR/Advanced-Mobile-Automation-Test/subscription"
                    },
                    {
                      "k": "svn_url",
                      "v": "https://github.com/RadenFR/Advanced-Mobile-Automation-Test"
                    },
                    {
                      "k": "tags_url",
                      "v": "https://api.github.com/repos/RadenFR/Advanced-Mobile-Automation-Test/tags"
                    },
                    {
                      "k": "teams_url",
                      "v": "https://api.github.com/repos/RadenFR/Advanced-Mobile-Automation-Test/teams"
                    },
                    {
                      "k": "topics",
                      "v": {
                        "t": 1
                      }
                    },
                    {
                      "k": "trees_url",
                      "v": "https://api.github.com/repos/RadenFR/Advanced-Mobile-Automation-Test/git/trees{/sha}"
                    },
                    {
                      "k": "updated_at",
                      "v": "2026-06-12T07:34:03Z"
                    },
                    {
                      "k": "url",
                      "v": "https://api.github.com/repos/RadenFR/Advanced-Mobile-Automation-Test"
                    },
                    {
                      "k": "visibility",
                      "v": "public"
                    },
                    {
                      "k": "watchers",
                      "v": 0.0
                    },
                    {
                      "k": "watchers_count",
                      "v": 0.0
                    },
                    {
                      "k": "web_commit_signoff_required",
                      "v": false
                    }
                  ]
                }
              },
              {
                "k": "sender",
                "v": {
                  "t": 2,
                  "d": [
                    {
                      "k": "avatar_url",
                      "v": "https://avatars.githubusercontent.com/u/155502184?v=4"
                    },
                    {
                      "k": "events_url",
                      "v": "https://api.github.com/users/RadenFR/events{/privacy}"
                    },
                    {
                      "k": "followers_url",
                      "v": "https://api.github.com/users/RadenFR/followers"
                    },
                    {
                      "k": "following_url",
                      "v": "https://api.github.com/users/RadenFR/following{/other_user}"
                    },
                    {
                      "k": "gists_url",
                      "v": "https://api.github.com/users/RadenFR/gists{/gist_id}"
                    },
                    {
                      "k": "gravatar_id",
                      "v": ""
                    },
                    {
                      "k": "html_url",
                      "v": "https://github.com/RadenFR"
                    },
                    {
                      "k": "id",
                      "v": 155502184.0
                    },
                    {
                      "k": "login",
                      "v": "RadenFR"
                    },
                    {
                      "k": "node_id",
                      "v": "U_kgDOCUTGaA"
                    },
                    {
                      "k": "organizations_url",
                      "v": "https://api.github.com/users/RadenFR/orgs"
                    },
                    {
                      "k": "received_events_url",
                      "v": "https://api.github.com/users/RadenFR/received_events"
                    },
                    {
                      "k": "repos_url",
                      "v": "https://api.github.com/users/RadenFR/repos"
                    },
                    {
                      "k": "site_admin",
                      "v": false
                    },
                    {
                      "k": "starred_url",
                      "v": "https://api.github.com/users/RadenFR/starred{/owner}{/repo}"
                    },
                    {
                      "k": "subscriptions_url",
                      "v": "https://api.github.com/users/RadenFR/subscriptions"
                    },
                    {
                      "k": "type",
                      "v": "User"
                    },
                    {
                      "k": "url",
                      "v": "https://api.github.com/users/RadenFR"
                    },
                    {
                      "k": "user_view_type",
                      "v": "public"
                    }
                  ]
                }
              }
            ]
          }
        },
        {
          "k": "workflow_ref",
          "v": "RadenFR/Advanced-Mobile-Automation-Test/.github/workflows/workflow.yml@refs/heads/master"
        },
        {
          "k": "workflow_sha",
          "v": "51aef2ef02a44fdf4f6bc3d5ff156bf2e60ff5f3"
        },
        {
          "k": "repository_id",
          "v": "1265856515"
        },
        {
          "k": "triggering_actor",
          "v": "RadenFR"
        }
      ]
    },
    "inputs": {
      "t": 2
    },
    "job": {
      "t": 2,
      "d": [
        {
          "k": "check_run_id",
          "v": 80986148800.0
        },
        {
          "k": "workflow_ref",
          "v": "RadenFR/Advanced-Mobile-Automation-Test/.github/workflows/workflow.yml@refs/heads/master"
        },
        {
          "k": "workflow_sha",
          "v": "51aef2ef02a44fdf4f6bc3d5ff156bf2e60ff5f3"
        },
        {
          "k": "workflow_repository",
          "v": "RadenFR/Advanced-Mobile-Automation-Test"
        },
        {
          "k": "workflow_file_path",
          "v": ".github/workflows/workflow.yml"
        }
      ]
    },
    "matrix": null,
    "needs": {
      "t": 2
    },
    "strategy": {
      "t": 2,
      "d": [
        {
          "k": "fail-fast",
          "v": true
        },
        {
          "k": "job-index",
          "v": 0.0
        },
        {
          "k": "job-total",
          "v": 1.0
        },
        {
          "k": "max-parallel",
          "v": 1.0
        }
      ]
    },
    "vars": {
      "t": 2
    }
  },
  "billingOwnerId": "U_kgDOCUTGaA"
}
[2026-06-12 08:08:41Z INFO JobRunner] Job ID 8f25fbec-b404-5cdc-8536-7a7fcbb4430e
[2026-06-12 08:08:41Z INFO ConfigurationStore] currentAssemblyLocation: C:\Users\user\IdeaProjects\AssignmentDay37\actions-runner\bin\Runner.Worker.dll
[2026-06-12 08:08:41Z INFO HostContext] Well known directory 'Bin': 'C:\Users\user\IdeaProjects\AssignmentDay37\actions-runner\bin'
[2026-06-12 08:08:41Z INFO ConfigurationStore] binPath: C:\Users\user\IdeaProjects\AssignmentDay37\actions-runner\bin
[2026-06-12 08:08:41Z INFO HostContext] Well known directory 'Bin': 'C:\Users\user\IdeaProjects\AssignmentDay37\actions-runner\bin'
[2026-06-12 08:08:41Z INFO HostContext] Well known directory 'Root': 'C:\Users\user\IdeaProjects\AssignmentDay37\actions-runner'
[2026-06-12 08:08:41Z INFO ConfigurationStore] RootFolder: C:\Users\user\IdeaProjects\AssignmentDay37\actions-runner
[2026-06-12 08:08:41Z INFO HostContext] Well known directory 'Bin': 'C:\Users\user\IdeaProjects\AssignmentDay37\actions-runner\bin'
[2026-06-12 08:08:41Z INFO HostContext] Well known directory 'Root': 'C:\Users\user\IdeaProjects\AssignmentDay37\actions-runner'
[2026-06-12 08:08:41Z INFO HostContext] Well known config file 'Runner': 'C:\Users\user\IdeaProjects\AssignmentDay37\actions-runner\.runner'
[2026-06-12 08:08:41Z INFO ConfigurationStore] ConfigFilePath: C:\Users\user\IdeaProjects\AssignmentDay37\actions-runner\.runner
[2026-06-12 08:08:41Z INFO HostContext] Well known directory 'Bin': 'C:\Users\user\IdeaProjects\AssignmentDay37\actions-runner\bin'
[2026-06-12 08:08:41Z INFO HostContext] Well known directory 'Root': 'C:\Users\user\IdeaProjects\AssignmentDay37\actions-runner'
[2026-06-12 08:08:41Z INFO HostContext] Well known config file 'MigratedRunner': 'C:\Users\user\IdeaProjects\AssignmentDay37\actions-runner\.runner_migrated'
[2026-06-12 08:08:41Z INFO ConfigurationStore] MigratedConfigFilePath: C:\Users\user\IdeaProjects\AssignmentDay37\actions-runner\.runner_migrated
[2026-06-12 08:08:41Z INFO HostContext] Well known directory 'Bin': 'C:\Users\user\IdeaProjects\AssignmentDay37\actions-runner\bin'
[2026-06-12 08:08:41Z INFO HostContext] Well known directory 'Root': 'C:\Users\user\IdeaProjects\AssignmentDay37\actions-runner'
[2026-06-12 08:08:41Z INFO HostContext] Well known config file 'Credentials': 'C:\Users\user\IdeaProjects\AssignmentDay37\actions-runner\.credentials'
[2026-06-12 08:08:41Z INFO ConfigurationStore] CredFilePath: C:\Users\user\IdeaProjects\AssignmentDay37\actions-runner\.credentials
[2026-06-12 08:08:41Z INFO HostContext] Well known directory 'Bin': 'C:\Users\user\IdeaProjects\AssignmentDay37\actions-runner\bin'
[2026-06-12 08:08:41Z INFO HostContext] Well known directory 'Root': 'C:\Users\user\IdeaProjects\AssignmentDay37\actions-runner'
[2026-06-12 08:08:41Z INFO HostContext] Well known config file 'MigratedCredentials': 'C:\Users\user\IdeaProjects\AssignmentDay37\actions-runner\.credentials_migrated'
[2026-06-12 08:08:41Z INFO ConfigurationStore] MigratedCredFilePath: C:\Users\user\IdeaProjects\AssignmentDay37\actions-runner\.credentials_migrated
[2026-06-12 08:08:41Z INFO HostContext] Well known directory 'Bin': 'C:\Users\user\IdeaProjects\AssignmentDay37\actions-runner\bin'
[2026-06-12 08:08:41Z INFO HostContext] Well known directory 'Root': 'C:\Users\user\IdeaProjects\AssignmentDay37\actions-runner'
[2026-06-12 08:08:41Z INFO HostContext] Well known config file 'Service': 'C:\Users\user\IdeaProjects\AssignmentDay37\actions-runner\.service'
[2026-06-12 08:08:41Z INFO ConfigurationStore] ServiceConfigFilePath: C:\Users\user\IdeaProjects\AssignmentDay37\actions-runner\.service
[2026-06-12 08:08:41Z INFO ConfigurationStore] Read setting file: 410 chars
[2026-06-12 08:08:41Z INFO JobRunner] Initializing launch client
[2026-06-12 08:08:41Z INFO JobServerQueue] Initializing results client
[2026-06-12 08:08:41Z INFO ResultServer] Creating websocket client ...wss://results-receiver.actions.githubusercontent.com/_ws/ingest.sock
[2026-06-12 08:08:41Z INFO ResultServer] Attempting to start websocket client with delay 00:00:00.
[2026-06-12 08:08:41Z INFO JobServerQueue] Start process web console line queue.
[2026-06-12 08:08:41Z INFO JobServerQueue] Start process file upload queue.
[2026-06-12 08:08:41Z INFO JobServerQueue] Start results file upload queue.
[2026-06-12 08:08:41Z INFO JobServerQueue] Starting results-based upload queue...
[2026-06-12 08:08:41Z INFO JobServerQueue] Start process timeline update queue.
[2026-06-12 08:08:41Z INFO ExecutionContext] Initializing Job context
[2026-06-12 08:08:41Z INFO ExecutionContext] Initialize GitHub context
[2026-06-12 08:08:41Z INFO ExecutionContext] Initialize Env context
[2026-06-12 08:08:41Z INFO HostContext] Well known directory 'Bin': 'C:\Users\user\IdeaProjects\AssignmentDay37\actions-runner\bin'
[2026-06-12 08:08:41Z INFO HostContext] Well known directory 'Root': 'C:\Users\user\IdeaProjects\AssignmentDay37\actions-runner'
[2026-06-12 08:08:41Z INFO HostContext] Well known directory 'Diag': 'C:\Users\user\IdeaProjects\AssignmentDay37\actions-runner\_diag'
[2026-06-12 08:08:41Z INFO HostContext] Well known directory 'Bin': 'C:\Users\user\IdeaProjects\AssignmentDay37\actions-runner\bin'
[2026-06-12 08:08:41Z INFO HostContext] Well known directory 'Root': 'C:\Users\user\IdeaProjects\AssignmentDay37\actions-runner'
[2026-06-12 08:08:41Z INFO HostContext] Well known directory 'Diag': 'C:\Users\user\IdeaProjects\AssignmentDay37\actions-runner\_diag'
[2026-06-12 08:08:41Z INFO JobRunner] Starting the job execution context.
[2026-06-12 08:08:41Z INFO HostContext] Well known directory 'Bin': 'C:\Users\user\IdeaProjects\AssignmentDay37\actions-runner\bin'
[2026-06-12 08:08:41Z INFO HostContext] Well known directory 'Root': 'C:\Users\user\IdeaProjects\AssignmentDay37\actions-runner'
[2026-06-12 08:08:41Z INFO HostContext] Well known directory 'Work': 'C:\Users\user\IdeaProjects\AssignmentDay37\actions-runner\_work'
[2026-06-12 08:08:41Z INFO JobRunner] Validating directory permissions for: 'C:\Users\user\IdeaProjects\AssignmentDay37\actions-runner\_work'
[2026-06-12 08:08:41Z INFO HostContext] Well known directory 'Bin': 'C:\Users\user\IdeaProjects\AssignmentDay37\actions-runner\bin'
[2026-06-12 08:08:41Z INFO HostContext] Well known directory 'Root': 'C:\Users\user\IdeaProjects\AssignmentDay37\actions-runner'
[2026-06-12 08:08:41Z INFO HostContext] Well known directory 'Work': 'C:\Users\user\IdeaProjects\AssignmentDay37\actions-runner\_work'
[2026-06-12 08:08:41Z INFO HostContext] Well known directory 'Tools': 'C:\Users\user\IdeaProjects\AssignmentDay37\actions-runner\_work\_tool'
[2026-06-12 08:08:41Z INFO HostContext] Well known directory 'Bin': 'C:\Users\user\IdeaProjects\AssignmentDay37\actions-runner\bin'
[2026-06-12 08:08:41Z INFO HostContext] Well known directory 'Root': 'C:\Users\user\IdeaProjects\AssignmentDay37\actions-runner'
[2026-06-12 08:08:41Z INFO HostContext] Well known directory 'Work': 'C:\Users\user\IdeaProjects\AssignmentDay37\actions-runner\_work'
[2026-06-12 08:08:41Z INFO HostContext] Well known directory 'Temp': 'C:\Users\user\IdeaProjects\AssignmentDay37\actions-runner\_work\_temp'
[2026-06-12 08:08:41Z INFO JobRunner] Getting job extension.
[2026-06-12 08:08:41Z INFO JobRunner] Initialize job. Getting all job steps.
[2026-06-12 08:08:41Z INFO HostContext] Well known directory 'Bin': 'C:\Users\user\IdeaProjects\AssignmentDay37\actions-runner\bin'
[2026-06-12 08:08:41Z INFO HostContext] Well known directory 'Root': 'C:\Users\user\IdeaProjects\AssignmentDay37\actions-runner'
[2026-06-12 08:08:41Z INFO HostContext] Well known directory 'Diag': 'C:\Users\user\IdeaProjects\AssignmentDay37\actions-runner\_diag'
[2026-06-12 08:08:41Z INFO HostContext] Well known directory 'Bin': 'C:\Users\user\IdeaProjects\AssignmentDay37\actions-runner\bin'
[2026-06-12 08:08:41Z INFO HostContext] Well known directory 'Root': 'C:\Users\user\IdeaProjects\AssignmentDay37\actions-runner'
[2026-06-12 08:08:41Z INFO HostContext] Well known directory 'Diag': 'C:\Users\user\IdeaProjects\AssignmentDay37\actions-runner\_diag'
[2026-06-12 08:08:41Z INFO HostContext] Well known directory 'Bin': 'C:\Users\user\IdeaProjects\AssignmentDay37\actions-runner\bin'
[2026-06-12 08:08:41Z INFO HostContext] Well known directory 'Root': 'C:\Users\user\IdeaProjects\AssignmentDay37\actions-runner'
[2026-06-12 08:08:41Z INFO HostContext] Well known config file 'Credentials': 'C:\Users\user\IdeaProjects\AssignmentDay37\actions-runner\.credentials'
[2026-06-12 08:08:41Z INFO HostContext] Well known directory 'Bin': 'C:\Users\user\IdeaProjects\AssignmentDay37\actions-runner\bin'
[2026-06-12 08:08:41Z INFO HostContext] Well known directory 'Root': 'C:\Users\user\IdeaProjects\AssignmentDay37\actions-runner'
[2026-06-12 08:08:41Z INFO HostContext] Well known config file 'SetupInfo': 'C:\Users\user\IdeaProjects\AssignmentDay37\actions-runner\.setup_info'
[2026-06-12 08:08:41Z INFO HostContext] Well known directory 'Bin': 'C:\Users\user\IdeaProjects\AssignmentDay37\actions-runner\bin'
[2026-06-12 08:08:41Z INFO HostContext] Well known directory 'Root': 'C:\Users\user\IdeaProjects\AssignmentDay37\actions-runner'
[2026-06-12 08:08:41Z INFO HostContext] Well known directory 'Work': 'C:\Users\user\IdeaProjects\AssignmentDay37\actions-runner\_work'
[2026-06-12 08:08:41Z INFO PipelineDirectoryManager] Loading tracking config if exists: C:\Users\user\IdeaProjects\AssignmentDay37\actions-runner\_work\_PipelineMapping\RadenFR/Advanced-Mobile-Automation-Test\PipelineFolder.json
[2026-06-12 08:08:41Z INFO PipelineDirectoryManager] Updating job run properties.
[2026-06-12 08:08:41Z INFO HostContext] Well known directory 'Bin': 'C:\Users\user\IdeaProjects\AssignmentDay37\actions-runner\bin'
[2026-06-12 08:08:41Z INFO HostContext] Well known directory 'Root': 'C:\Users\user\IdeaProjects\AssignmentDay37\actions-runner'
[2026-06-12 08:08:41Z INFO HostContext] Well known directory 'Work': 'C:\Users\user\IdeaProjects\AssignmentDay37\actions-runner\_work'
[2026-06-12 08:08:41Z INFO HostContext] Well known directory 'Bin': 'C:\Users\user\IdeaProjects\AssignmentDay37\actions-runner\bin'
[2026-06-12 08:08:41Z INFO HostContext] Well known directory 'Root': 'C:\Users\user\IdeaProjects\AssignmentDay37\actions-runner'
[2026-06-12 08:08:41Z INFO HostContext] Well known directory 'Work': 'C:\Users\user\IdeaProjects\AssignmentDay37\actions-runner\_work'
[2026-06-12 08:08:41Z INFO HostContext] Well known directory 'Bin': 'C:\Users\user\IdeaProjects\AssignmentDay37\actions-runner\bin'
[2026-06-12 08:08:41Z INFO HostContext] Well known directory 'Root': 'C:\Users\user\IdeaProjects\AssignmentDay37\actions-runner'
[2026-06-12 08:08:41Z INFO HostContext] Well known directory 'Work': 'C:\Users\user\IdeaProjects\AssignmentDay37\actions-runner\_work'
[2026-06-12 08:08:41Z INFO JobExtension] Downloading actions
[2026-06-12 08:08:41Z INFO HostContext] Well known directory 'Bin': 'C:\Users\user\IdeaProjects\AssignmentDay37\actions-runner\bin'
[2026-06-12 08:08:41Z INFO HostContext] Well known directory 'Root': 'C:\Users\user\IdeaProjects\AssignmentDay37\actions-runner'
[2026-06-12 08:08:41Z INFO HostContext] Well known directory 'Work': 'C:\Users\user\IdeaProjects\AssignmentDay37\actions-runner\_work'
[2026-06-12 08:08:41Z INFO HostContext] Well known directory 'Actions': 'C:\Users\user\IdeaProjects\AssignmentDay37\actions-runner\_work\_actions'
[2026-06-12 08:08:41Z INFO Worker] Listening for cancel message from the channel.
[2026-06-12 08:08:41Z INFO Worker] Waiting for the job to complete or for a cancel message from the channel.
[2026-06-12 08:08:42Z INFO ResultServer] Successfully started websocket client.
[2026-06-12 08:08:42Z INFO JobServerQueue] Try to append 1 batches web console lines for record '052035cb-59ee-4b42-a0b9-13f0369fae26', success rate: 1/1.
[2026-06-12 08:08:42Z INFO HostContext] Well known directory 'Bin': 'C:\Users\user\IdeaProjects\AssignmentDay37\actions-runner\bin'
[2026-06-12 08:08:42Z INFO HostContext] Well known directory 'Root': 'C:\Users\user\IdeaProjects\AssignmentDay37\actions-runner'
[2026-06-12 08:08:42Z INFO HostContext] Well known directory 'Work': 'C:\Users\user\IdeaProjects\AssignmentDay37\actions-runner\_work'
[2026-06-12 08:08:42Z INFO HostContext] Well known directory 'Actions': 'C:\Users\user\IdeaProjects\AssignmentDay37\actions-runner\_work\_actions'
[2026-06-12 08:08:42Z INFO HostContext] Well known directory 'Bin': 'C:\Users\user\IdeaProjects\AssignmentDay37\actions-runner\bin'
[2026-06-12 08:08:42Z INFO HostContext] Well known directory 'Root': 'C:\Users\user\IdeaProjects\AssignmentDay37\actions-runner'
[2026-06-12 08:08:42Z INFO HostContext] Well known directory 'Work': 'C:\Users\user\IdeaProjects\AssignmentDay37\actions-runner\_work'
[2026-06-12 08:08:42Z INFO HostContext] Well known directory 'Actions': 'C:\Users\user\IdeaProjects\AssignmentDay37\actions-runner\_work\_actions'
[2026-06-12 08:08:42Z INFO ActionManager] Save archive 'https://codeload.github.com/actions/checkout/zip/34e114876b0b11c390a56381ad16ebd13914f8d5' into C:\Users\user\IdeaProjects\AssignmentDay37\actions-runner\_work\_actions\_temp_6dc056ae-c462-4ad4-82a2-4577f0da231a\802e19c7-8590-4918-88aa-a7578497300c.zip.
[2026-06-12 08:08:42Z INFO ActionManager] Using Basic token for action archive download.
[2026-06-12 08:08:42Z INFO JobServerQueue] Job timeline record has been updated for the first time.
[2026-06-12 08:08:42Z INFO JobServerQueue] Try to append 1 batches web console lines for record '052035cb-59ee-4b42-a0b9-13f0369fae26', success rate: 1/1.
[2026-06-12 08:08:42Z INFO ActionManager] Request URL: https://codeload.github.com/actions/checkout/zip/34e114876b0b11c390a56381ad16ebd13914f8d5 X-GitHub-Request-Id: 2312:268A17:4EB86:D0607:6A2BBE8A Http Status: OK
[2026-06-12 08:08:42Z INFO ActionManager] Finished getting action repository.
[2026-06-12 08:08:42Z INFO HostContext] Well known directory 'Bin': 'C:\Users\user\IdeaProjects\AssignmentDay37\actions-runner\bin'
[2026-06-12 08:08:42Z INFO HostContext] Well known directory 'Root': 'C:\Users\user\IdeaProjects\AssignmentDay37\actions-runner'
[2026-06-12 08:08:42Z INFO HostContext] Well known directory 'Work': 'C:\Users\user\IdeaProjects\AssignmentDay37\actions-runner\_work'
[2026-06-12 08:08:42Z INFO HostContext] Well known directory 'Actions': 'C:\Users\user\IdeaProjects\AssignmentDay37\actions-runner\_work\_actions'
[2026-06-12 08:08:42Z INFO ActionManifestManagerLegacy] Load schema file with definitions: [
  "null",
  "boolean",
  "number",
  "string",
  "sequence",
  "mapping",
  "any",
  "action-root",
  "inputs",
  "input",
  "outputs",
  "output-definition",
  "runs",
  "container-runs",
  "container-runs-args",
  "container-runs-env",
  "node-runs",
  "plugin-runs",
  "composite-runs",
  "composite-steps",
  "composite-step",
  "run-step",
  "uses-step",
  "container-runs-context",
  "output-value",
  "input-default-context",
  "non-empty-string",
  "string-steps-context",
  "boolean-steps-context",
  "step-env",
  "step-if",
  "step-with"
]
[2026-06-12 08:08:43Z INFO ActionManifestManager] Load schema file with definitions: [
  "null",
  "boolean",
  "number",
  "string",
  "sequence",
  "mapping",
  "any",
  "action-root",
  "inputs",
  "input",
  "outputs",
  "output-definition",
  "runs",
  "container-runs",
  "container-runs-args",
  "container-runs-env",
  "node-runs",
  "plugin-runs",
  "composite-runs",
  "composite-steps",
  "composite-step",
  "run-step",
  "uses-step",
  "container-runs-context",
  "output-value",
  "input-default-context",
  "non-empty-string",
  "string-steps-context",
  "boolean-steps-context",
  "step-env",
  "step-if",
  "step-with"
]
[2026-06-12 08:08:43Z INFO HostContext] Well known directory 'Bin': 'C:\Users\user\IdeaProjects\AssignmentDay37\actions-runner\bin'
[2026-06-12 08:08:43Z INFO HostContext] Well known directory 'Root': 'C:\Users\user\IdeaProjects\AssignmentDay37\actions-runner'
[2026-06-12 08:08:43Z INFO HostContext] Well known directory 'Work': 'C:\Users\user\IdeaProjects\AssignmentDay37\actions-runner\_work'
[2026-06-12 08:08:43Z INFO HostContext] Well known directory 'Actions': 'C:\Users\user\IdeaProjects\AssignmentDay37\actions-runner\_work\_actions'
[2026-06-12 08:08:43Z INFO ActionManifestManagerLegacy] Loaded action.yml file: {
  "name": "Checkout",
  "description": "Checkout a Git repository at a particular version",
  "inputs": {
    "type": 2,
    "map": [
      {
        "key": {
          "type": 0,
          "file": 2,
          "line": 4,
          "col": 3,
          "lit": "repository"
        },
        "value": {
          "type": 3,
          "file": 2,
          "line": 6,
          "col": 14,
          "expr": "github.repository"
        }
      },
      {
        "key": {
          "type": 0,
          "file": 2,
          "line": 7,
          "col": 3,
          "lit": "ref"
        },
        "value": ""
      },
      {
        "key": {
          "type": 0,
          "file": 2,
          "line": 12,
          "col": 3,
          "lit": "token"
        },
        "value": {
          "type": 3,
          "file": 2,
          "line": 24,
          "col": 14,
          "expr": "github.token"
        }
      },
      {
        "key": {
          "type": 0,
          "file": 2,
          "line": 25,
          "col": 3,
          "lit": "ssh-key"
        },
        "value": ""
      },
      {
        "key": {
          "type": 0,
          "file": 2,
          "line": 37,
          "col": 3,
          "lit": "ssh-known-hosts"
        },
        "value": ""
      },
      {
        "key": {
          "type": 0,
          "file": 2,
          "line": 42,
          "col": 3,
          "lit": "ssh-strict"
        },
        "value": {
          "type": 0,
          "file": 2,
          "line": 47,
          "col": 14,
          "lit": "true"
        }
      },
      {
        "key": {
          "type": 0,
          "file": 2,
          "line": 48,
          "col": 3,
          "lit": "ssh-user"
        },
        "value": {
          "type": 0,
          "file": 2,
          "line": 51,
          "col": 14,
          "lit": "git"
        }
      },
      {
        "key": {
          "type": 0,
          "file": 2,
          "line": 52,
          "col": 3,
          "lit": "persist-credentials"
        },
        "value": {
          "type": 0,
          "file": 2,
          "line": 54,
          "col": 14,
          "lit": "true"
        }
      },
      {
        "key": {
          "type": 0,
          "file": 2,
          "line": 55,
          "col": 3,
          "lit": "path"
        },
        "value": ""
      },
      {
        "key": {
          "type": 0,
          "file": 2,
          "line": 57,
          "col": 3,
          "lit": "clean"
        },
        "value": {
          "type": 0,
          "file": 2,
          "line": 59,
          "col": 14,
          "lit": "true"
        }
      },
      {
        "key": {
          "type": 0,
          "file": 2,
          "line": 60,
          "col": 3,
          "lit": "filter"
        },
        "value": {
          "type": 0,
          "file": 2,
          "line": 64,
          "col": 14,
          "lit": ""
        }
      },
      {
        "key": {
          "type": 0,
          "file": 2,
          "line": 65,
          "col": 3,
          "lit": "sparse-checkout"
        },
        "value": {
          "type": 0,
          "file": 2,
          "line": 69,
          "col": 14,
          "lit": ""
        }
      },
      {
        "key": {
          "type": 0,
          "file": 2,
          "line": 70,
          "col": 3,
          "lit": "sparse-checkout-cone-mode"
        },
        "value": {
          "type": 0,
          "file": 2,
          "line": 73,
          "col": 14,
          "lit": "true"
        }
      },
      {
        "key": {
          "type": 0,
          "file": 2,
          "line": 74,
          "col": 3,
          "lit": "fetch-depth"
        },
        "value": {
          "type": 0,
          "file": 2,
          "line": 76,
          "col": 14,
          "lit": "1"
        }
      },
      {
        "key": {
          "type": 0,
          "file": 2,
          "line": 77,
          "col": 3,
          "lit": "fetch-tags"
        },
        "value": {
          "type": 0,
          "file": 2,
          "line": 79,
          "col": 14,
          "lit": "false"
        }
      },
      {
        "key": {
          "type": 0,
          "file": 2,
          "line": 80,
          "col": 3,
          "lit": "show-progress"
        },
        "value": {
          "type": 0,
          "file": 2,
          "line": 82,
          "col": 14,
          "lit": "true"
        }
      },
      {
        "key": {
          "type": 0,
          "file": 2,
          "line": 83,
          "col": 3,
          "lit": "lfs"
        },
        "value": {
          "type": 0,
          "file": 2,
          "line": 85,
          "col": 14,
          "lit": "false"
        }
      },
      {
        "key": {
          "type": 0,
          "file": 2,
          "line": 86,
          "col": 3,
          "lit": "submodules"
        },
        "value": {
          "type": 0,
          "file": 2,
          "line": 94,
          "col": 14,
          "lit": "false"
        }
      },
      {
        "key": {
          "type": 0,
          "file": 2,
          "line": 95,
          "col": 3,
          "lit": "set-safe-directory"
        },
        "value": {
          "type": 0,
          "file": 2,
          "line": 97,
          "col": 14,
          "lit": "true"
        }
      },
      {
        "key": {
          "type": 0,
          "file": 2,
          "line": 98,
          "col": 3,
          "lit": "github-server-url"
        },
        "value": ""
      }
    ]
  },
  "execution": {
    "executionType": "nodeJS",
    "hasPre": false,
    "hasPost": true,
    "script": "dist/index.js",
    "pre": null,
    "post": "dist/index.js",
    "nodeVersion": "node20",
    "cleanupCondition": "always()",
    "initCondition": "always()"
  },
  "deprecated": null
}
[2026-06-12 08:08:43Z INFO ActionManager] Action node.js file: dist/index.js, no more preparation.
[2026-06-12 08:08:43Z INFO HostContext] Well known directory 'Bin': 'C:\Users\user\IdeaProjects\AssignmentDay37\actions-runner\bin'
[2026-06-12 08:08:43Z INFO HostContext] Well known directory 'Root': 'C:\Users\user\IdeaProjects\AssignmentDay37\actions-runner'
[2026-06-12 08:08:43Z INFO HostContext] Well known directory 'Work': 'C:\Users\user\IdeaProjects\AssignmentDay37\actions-runner\_work'
[2026-06-12 08:08:43Z INFO HostContext] Well known directory 'Actions': 'C:\Users\user\IdeaProjects\AssignmentDay37\actions-runner\_work\_actions'
[2026-06-12 08:08:43Z INFO ActionManager] Load action that reference repository from 'C:\Users\user\IdeaProjects\AssignmentDay37\actions-runner\_work\_actions\actions\checkout\v4'
[2026-06-12 08:08:43Z INFO HostContext] Well known directory 'Bin': 'C:\Users\user\IdeaProjects\AssignmentDay37\actions-runner\bin'
[2026-06-12 08:08:43Z INFO HostContext] Well known directory 'Root': 'C:\Users\user\IdeaProjects\AssignmentDay37\actions-runner'
[2026-06-12 08:08:43Z INFO HostContext] Well known directory 'Work': 'C:\Users\user\IdeaProjects\AssignmentDay37\actions-runner\_work'
[2026-06-12 08:08:43Z INFO HostContext] Well known directory 'Actions': 'C:\Users\user\IdeaProjects\AssignmentDay37\actions-runner\_work\_actions'
[2026-06-12 08:08:43Z INFO ActionManifestManagerLegacy] Loaded action.yml file: {
  "name": "Checkout",
  "description": "Checkout a Git repository at a particular version",
  "inputs": {
    "type": 2,
    "map": [
      {
        "key": {
          "type": 0,
          "file": 2,
          "line": 4,
          "col": 3,
          "lit": "repository"
        },
        "value": {
          "type": 3,
          "file": 2,
          "line": 6,
          "col": 14,
          "expr": "github.repository"
        }
      },
      {
        "key": {
          "type": 0,
          "file": 2,
          "line": 7,
          "col": 3,
          "lit": "ref"
        },
        "value": ""
      },
      {
        "key": {
          "type": 0,
          "file": 2,
          "line": 12,
          "col": 3,
          "lit": "token"
        },
        "value": {
          "type": 3,
          "file": 2,
          "line": 24,
          "col": 14,
          "expr": "github.token"
        }
      },
      {
        "key": {
          "type": 0,
          "file": 2,
          "line": 25,
          "col": 3,
          "lit": "ssh-key"
        },
        "value": ""
      },
      {
        "key": {
          "type": 0,
          "file": 2,
          "line": 37,
          "col": 3,
          "lit": "ssh-known-hosts"
        },
        "value": ""
      },
      {
        "key": {
          "type": 0,
          "file": 2,
          "line": 42,
          "col": 3,
          "lit": "ssh-strict"
        },
        "value": {
          "type": 0,
          "file": 2,
          "line": 47,
          "col": 14,
          "lit": "true"
        }
      },
      {
        "key": {
          "type": 0,
          "file": 2,
          "line": 48,
          "col": 3,
          "lit": "ssh-user"
        },
        "value": {
          "type": 0,
          "file": 2,
          "line": 51,
          "col": 14,
          "lit": "git"
        }
      },
      {
        "key": {
          "type": 0,
          "file": 2,
          "line": 52,
          "col": 3,
          "lit": "persist-credentials"
        },
        "value": {
          "type": 0,
          "file": 2,
          "line": 54,
          "col": 14,
          "lit": "true"
        }
      },
      {
        "key": {
          "type": 0,
          "file": 2,
          "line": 55,
          "col": 3,
          "lit": "path"
        },
        "value": ""
      },
      {
        "key": {
          "type": 0,
          "file": 2,
          "line": 57,
          "col": 3,
          "lit": "clean"
        },
        "value": {
          "type": 0,
          "file": 2,
          "line": 59,
          "col": 14,
          "lit": "true"
        }
      },
      {
        "key": {
          "type": 0,
          "file": 2,
          "line": 60,
          "col": 3,
          "lit": "filter"
        },
        "value": {
          "type": 0,
          "file": 2,
          "line": 64,
          "col": 14,
          "lit": ""
        }
      },
      {
        "key": {
          "type": 0,
          "file": 2,
          "line": 65,
          "col": 3,
          "lit": "sparse-checkout"
        },
        "value": {
          "type": 0,
          "file": 2,
          "line": 69,
          "col": 14,
          "lit": ""
        }
      },
      {
        "key": {
          "type": 0,
          "file": 2,
          "line": 70,
          "col": 3,
          "lit": "sparse-checkout-cone-mode"
        },
        "value": {
          "type": 0,
          "file": 2,
          "line": 73,
          "col": 14,
          "lit": "true"
        }
      },
      {
        "key": {
          "type": 0,
          "file": 2,
          "line": 74,
          "col": 3,
          "lit": "fetch-depth"
        },
        "value": {
          "type": 0,
          "file": 2,
          "line": 76,
          "col": 14,
          "lit": "1"
        }
      },
      {
        "key": {
          "type": 0,
          "file": 2,
          "line": 77,
          "col": 3,
          "lit": "fetch-tags"
        },
        "value": {
          "type": 0,
          "file": 2,
          "line": 79,
          "col": 14,
          "lit": "false"
        }
      },
      {
        "key": {
          "type": 0,
          "file": 2,
          "line": 80,
          "col": 3,
          "lit": "show-progress"
        },
        "value": {
          "type": 0,
          "file": 2,
          "line": 82,
          "col": 14,
          "lit": "true"
        }
      },
      {
        "key": {
          "type": 0,
          "file": 2,
          "line": 83,
          "col": 3,
          "lit": "lfs"
        },
        "value": {
          "type": 0,
          "file": 2,
          "line": 85,
          "col": 14,
          "lit": "false"
        }
      },
      {
        "key": {
          "type": 0,
          "file": 2,
          "line": 86,
          "col": 3,
          "lit": "submodules"
        },
        "value": {
          "type": 0,
          "file": 2,
          "line": 94,
          "col": 14,
          "lit": "false"
        }
      },
      {
        "key": {
          "type": 0,
          "file": 2,
          "line": 95,
          "col": 3,
          "lit": "set-safe-directory"
        },
        "value": {
          "type": 0,
          "file": 2,
          "line": 97,
          "col": 14,
          "lit": "true"
        }
      },
      {
        "key": {
          "type": 0,
          "file": 2,
          "line": 98,
          "col": 3,
          "lit": "github-server-url"
        },
        "value": ""
      }
    ]
  },
  "execution": {
    "executionType": "nodeJS",
    "hasPre": false,
    "hasPost": true,
    "script": "dist/index.js",
    "pre": null,
    "post": "dist/index.js",
    "nodeVersion": "node20",
    "cleanupCondition": "always()",
    "initCondition": "always()"
  },
  "deprecated": null
}
[2026-06-12 08:08:43Z INFO ActionManager] Action pre node.js file: N/A.
[2026-06-12 08:08:43Z INFO ActionManager] Action node.js file: dist/index.js.
[2026-06-12 08:08:43Z INFO ActionManager] Action post node.js file: dist/index.js.
[2026-06-12 08:08:43Z INFO JobExtension] Adding .
[2026-06-12 08:08:43Z INFO JobExtension] Adding .
[2026-06-12 08:08:43Z INFO HostContext] Well known directory 'Bin': 'C:\Users\user\IdeaProjects\AssignmentDay37\actions-runner\bin'
[2026-06-12 08:08:43Z INFO HostContext] Well known directory 'Root': 'C:\Users\user\IdeaProjects\AssignmentDay37\actions-runner'
[2026-06-12 08:08:43Z INFO HostContext] Well known directory 'Diag': 'C:\Users\user\IdeaProjects\AssignmentDay37\actions-runner\_diag'
[2026-06-12 08:08:43Z INFO HostContext] Well known directory 'Bin': 'C:\Users\user\IdeaProjects\AssignmentDay37\actions-runner\bin'
[2026-06-12 08:08:43Z INFO HostContext] Well known directory 'Root': 'C:\Users\user\IdeaProjects\AssignmentDay37\actions-runner'
[2026-06-12 08:08:43Z INFO HostContext] Well known directory 'Diag': 'C:\Users\user\IdeaProjects\AssignmentDay37\actions-runner\_diag'
[2026-06-12 08:08:43Z INFO HostContext] Well known directory 'Bin': 'C:\Users\user\IdeaProjects\AssignmentDay37\actions-runner\bin'
[2026-06-12 08:08:43Z INFO HostContext] Well known directory 'Root': 'C:\Users\user\IdeaProjects\AssignmentDay37\actions-runner'
[2026-06-12 08:08:43Z INFO HostContext] Well known directory 'Diag': 'C:\Users\user\IdeaProjects\AssignmentDay37\actions-runner\_diag'
[2026-06-12 08:08:43Z INFO HostContext] Well known directory 'Bin': 'C:\Users\user\IdeaProjects\AssignmentDay37\actions-runner\bin'
[2026-06-12 08:08:43Z INFO HostContext] Well known directory 'Root': 'C:\Users\user\IdeaProjects\AssignmentDay37\actions-runner'
[2026-06-12 08:08:43Z INFO HostContext] Well known directory 'Diag': 'C:\Users\user\IdeaProjects\AssignmentDay37\actions-runner\_diag'
[2026-06-12 08:08:43Z INFO JobExtension] Total accessible running process: 308.
[2026-06-12 08:08:43Z INFO HostContext] Well known directory 'Bin': 'C:\Users\user\IdeaProjects\AssignmentDay37\actions-runner\bin'
[2026-06-12 08:08:43Z INFO HostContext] Well known directory 'Root': 'C:\Users\user\IdeaProjects\AssignmentDay37\actions-runner'
[2026-06-12 08:08:43Z INFO HostContext] Well known directory 'Work': 'C:\Users\user\IdeaProjects\AssignmentDay37\actions-runner\_work'
[2026-06-12 08:08:43Z INFO JobExtension] Start checking server connectivity.
[2026-06-12 08:08:43Z INFO JobExtension] Check server connectivity for https://broker.actions.githubusercontent.com/health.
[2026-06-12 08:08:43Z INFO JobExtension] Check server connectivity for https://token.actions.githubusercontent.com/ready.
[2026-06-12 08:08:43Z INFO JobExtension] Check server connectivity for https://run.actions.githubusercontent.com/health.
[2026-06-12 08:08:43Z INFO JobExtension] Start checking service connectivity in background.
[2026-06-12 08:08:43Z INFO JobServerQueue] Try to append 1 batches web console lines for record '052035cb-59ee-4b42-a0b9-13f0369fae26', success rate: 1/1.
[2026-06-12 08:08:43Z INFO ExecutionContext] Publish step telemetry for current step {
  "action": "setup_job",
  "type": "runner",
  "stage": "Pre",
  "stepId": "052035cb-59ee-4b42-a0b9-13f0369fae26",
  "result": "succeeded",
  "errorMessages": [],
  "executionTimeInSeconds": 2,
  "startTime": "2026-06-12T08:08:41.2137281Z",
  "finishTime": "2026-06-12T08:08:43.0783839Z"
}.
[2026-06-12 08:08:43Z INFO JobRunner] Total job steps: 2.
[2026-06-12 08:08:43Z INFO JobRunner] Run all job steps.
[2026-06-12 08:08:43Z INFO DapDebugger] DapDebugger initialized
[2026-06-12 08:08:43Z INFO StepsRunner] Processing step: DisplayName='Checkout'
[2026-06-12 08:08:43Z INFO StepsRunner] Evaluating: success()
[2026-06-12 08:08:43Z INFO StepsRunner] Result: true
[2026-06-12 08:08:43Z INFO StepsRunner] Starting the step.
[2026-06-12 08:08:43Z INFO HostContext] Well known directory 'Bin': 'C:\Users\user\IdeaProjects\AssignmentDay37\actions-runner\bin'
[2026-06-12 08:08:43Z INFO HostContext] Well known directory 'Root': 'C:\Users\user\IdeaProjects\AssignmentDay37\actions-runner'
[2026-06-12 08:08:43Z INFO HostContext] Well known directory 'Work': 'C:\Users\user\IdeaProjects\AssignmentDay37\actions-runner\_work'
[2026-06-12 08:08:43Z INFO StepsRunner] Which2: 'chcp'
[2026-06-12 08:08:43Z INFO StepsRunner] Location: 'C:\Windows\system32\chcp.COM'
[2026-06-12 08:08:43Z INFO ProcessInvokerWrapper] Starting process:
[2026-06-12 08:08:43Z INFO ProcessInvokerWrapper]   File name: 'C:\Windows\system32\chcp.COM'
[2026-06-12 08:08:43Z INFO ProcessInvokerWrapper]   Arguments: '65001'
[2026-06-12 08:08:43Z INFO ProcessInvokerWrapper]   Working directory: 'C:\Users\user\IdeaProjects\AssignmentDay37\actions-runner\_work'
[2026-06-12 08:08:43Z INFO ProcessInvokerWrapper]   Require exit code zero: 'False'
[2026-06-12 08:08:43Z INFO ProcessInvokerWrapper]   Encoding web name:  ; code page: ''
[2026-06-12 08:08:43Z INFO ProcessInvokerWrapper]   Force kill process on cancellation: 'False'
[2026-06-12 08:08:43Z INFO ProcessInvokerWrapper]   Redirected STDIN: 'False'
[2026-06-12 08:08:43Z INFO ProcessInvokerWrapper]   Persist current code page: 'True'
[2026-06-12 08:08:43Z INFO ProcessInvokerWrapper]   Keep redirected STDIN open: 'False'
[2026-06-12 08:08:43Z INFO ProcessInvokerWrapper]   High priority process: 'False'
[2026-06-12 08:08:43Z INFO ProcessInvokerWrapper] Process started with process id 24392, waiting for process exit.
[2026-06-12 08:08:43Z INFO ProcessInvokerWrapper] STDOUT/STDERR stream read finished.
[2026-06-12 08:08:43Z INFO ProcessInvokerWrapper] STDOUT/STDERR stream read finished.
[2026-06-12 08:08:43Z INFO ProcessInvokerWrapper] Finished process 24392 with exit code 0, and elapsed time 00:00:00.0116313.
[2026-06-12 08:08:43Z INFO StepsRunner] Successfully returned to code page 65001 (UTF8)
[2026-06-12 08:08:43Z INFO HostContext] Well known directory 'Bin': 'C:\Users\user\IdeaProjects\AssignmentDay37\actions-runner\bin'
[2026-06-12 08:08:43Z INFO HostContext] Well known directory 'Root': 'C:\Users\user\IdeaProjects\AssignmentDay37\actions-runner'
[2026-06-12 08:08:43Z INFO HostContext] Well known directory 'Work': 'C:\Users\user\IdeaProjects\AssignmentDay37\actions-runner\_work'
[2026-06-12 08:08:43Z INFO HostContext] Well known directory 'Actions': 'C:\Users\user\IdeaProjects\AssignmentDay37\actions-runner\_work\_actions'
[2026-06-12 08:08:43Z INFO ActionManager] Load action that reference repository from 'C:\Users\user\IdeaProjects\AssignmentDay37\actions-runner\_work\_actions\actions\checkout\v4'
[2026-06-12 08:08:43Z INFO HostContext] Well known directory 'Bin': 'C:\Users\user\IdeaProjects\AssignmentDay37\actions-runner\bin'
[2026-06-12 08:08:43Z INFO HostContext] Well known directory 'Root': 'C:\Users\user\IdeaProjects\AssignmentDay37\actions-runner'
[2026-06-12 08:08:43Z INFO HostContext] Well known directory 'Work': 'C:\Users\user\IdeaProjects\AssignmentDay37\actions-runner\_work'
[2026-06-12 08:08:43Z INFO HostContext] Well known directory 'Actions': 'C:\Users\user\IdeaProjects\AssignmentDay37\actions-runner\_work\_actions'
[2026-06-12 08:08:43Z INFO ActionManifestManagerLegacy] Loaded action.yml file: {
  "name": "Checkout",
  "description": "Checkout a Git repository at a particular version",
  "inputs": {
    "type": 2,
    "map": [
      {
        "key": {
          "type": 0,
          "file": 2,
          "line": 4,
          "col": 3,
          "lit": "repository"
        },
        "value": {
          "type": 3,
          "file": 2,
          "line": 6,
          "col": 14,
          "expr": "github.repository"
        }
      },
      {
        "key": {
          "type": 0,
          "file": 2,
          "line": 7,
          "col": 3,
          "lit": "ref"
        },
        "value": ""
      },
      {
        "key": {
          "type": 0,
          "file": 2,
          "line": 12,
          "col": 3,
          "lit": "token"
        },
        "value": {
          "type": 3,
          "file": 2,
          "line": 24,
          "col": 14,
          "expr": "github.token"
        }
      },
      {
        "key": {
          "type": 0,
          "file": 2,
          "line": 25,
          "col": 3,
          "lit": "ssh-key"
        },
        "value": ""
      },
      {
        "key": {
          "type": 0,
          "file": 2,
          "line": 37,
          "col": 3,
          "lit": "ssh-known-hosts"
        },
        "value": ""
      },
      {
        "key": {
          "type": 0,
          "file": 2,
          "line": 42,
          "col": 3,
          "lit": "ssh-strict"
        },
        "value": {
          "type": 0,
          "file": 2,
          "line": 47,
          "col": 14,
          "lit": "true"
        }
      },
      {
        "key": {
          "type": 0,
          "file": 2,
          "line": 48,
          "col": 3,
          "lit": "ssh-user"
        },
        "value": {
          "type": 0,
          "file": 2,
          "line": 51,
          "col": 14,
          "lit": "git"
        }
      },
      {
        "key": {
          "type": 0,
          "file": 2,
          "line": 52,
          "col": 3,
          "lit": "persist-credentials"
        },
        "value": {
          "type": 0,
          "file": 2,
          "line": 54,
          "col": 14,
          "lit": "true"
        }
      },
      {
        "key": {
          "type": 0,
          "file": 2,
          "line": 55,
          "col": 3,
          "lit": "path"
        },
        "value": ""
      },
      {
        "key": {
          "type": 0,
          "file": 2,
          "line": 57,
          "col": 3,
          "lit": "clean"
        },
        "value": {
          "type": 0,
          "file": 2,
          "line": 59,
          "col": 14,
          "lit": "true"
        }
      },
      {
        "key": {
          "type": 0,
          "file": 2,
          "line": 60,
          "col": 3,
          "lit": "filter"
        },
        "value": {
          "type": 0,
          "file": 2,
          "line": 64,
          "col": 14,
          "lit": ""
        }
      },
      {
        "key": {
          "type": 0,
          "file": 2,
          "line": 65,
          "col": 3,
          "lit": "sparse-checkout"
        },
        "value": {
          "type": 0,
          "file": 2,
          "line": 69,
          "col": 14,
          "lit": ""
        }
      },
      {
        "key": {
          "type": 0,
          "file": 2,
          "line": 70,
          "col": 3,
          "lit": "sparse-checkout-cone-mode"
        },
        "value": {
          "type": 0,
          "file": 2,
          "line": 73,
          "col": 14,
          "lit": "true"
        }
      },
      {
        "key": {
          "type": 0,
          "file": 2,
          "line": 74,
          "col": 3,
          "lit": "fetch-depth"
        },
        "value": {
          "type": 0,
          "file": 2,
          "line": 76,
          "col": 14,
          "lit": "1"
        }
      },
      {
        "key": {
          "type": 0,
          "file": 2,
          "line": 77,
          "col": 3,
          "lit": "fetch-tags"
        },
        "value": {
          "type": 0,
          "file": 2,
          "line": 79,
          "col": 14,
          "lit": "false"
        }
      },
      {
        "key": {
          "type": 0,
          "file": 2,
          "line": 80,
          "col": 3,
          "lit": "show-progress"
        },
        "value": {
          "type": 0,
          "file": 2,
          "line": 82,
          "col": 14,
          "lit": "true"
        }
      },
      {
        "key": {
          "type": 0,
          "file": 2,
          "line": 83,
          "col": 3,
          "lit": "lfs"
        },
        "value": {
          "type": 0,
          "file": 2,
          "line": 85,
          "col": 14,
          "lit": "false"
        }
      },
      {
        "key": {
          "type": 0,
          "file": 2,
          "line": 86,
          "col": 3,
          "lit": "submodules"
        },
        "value": {
          "type": 0,
          "file": 2,
          "line": 94,
          "col": 14,
          "lit": "false"
        }
      },
      {
        "key": {
          "type": 0,
          "file": 2,
          "line": 95,
          "col": 3,
          "lit": "set-safe-directory"
        },
        "value": {
          "type": 0,
          "file": 2,
          "line": 97,
          "col": 14,
          "lit": "true"
        }
      },
      {
        "key": {
          "type": 0,
          "file": 2,
          "line": 98,
          "col": 3,
          "lit": "github-server-url"
        },
        "value": ""
      }
    ]
  },
  "execution": {
    "executionType": "nodeJS",
    "hasPre": false,
    "hasPost": true,
    "script": "dist/index.js",
    "pre": null,
    "post": "dist/index.js",
    "nodeVersion": "node20",
    "cleanupCondition": "always()",
    "initCondition": "always()"
  },
  "deprecated": null
}
[2026-06-12 08:08:43Z INFO ActionManager] Action pre node.js file: N/A.
[2026-06-12 08:08:43Z INFO ActionManager] Action node.js file: dist/index.js.
[2026-06-12 08:08:43Z INFO ActionManager] Action post node.js file: dist/index.js.
[2026-06-12 08:08:43Z INFO ExecutionContext] Reserve record order 4 to 6 for post job actions.
[2026-06-12 08:08:43Z INFO HostContext] Well known directory 'Bin': 'C:\Users\user\IdeaProjects\AssignmentDay37\actions-runner\bin'
[2026-06-12 08:08:43Z INFO HostContext] Well known directory 'Root': 'C:\Users\user\IdeaProjects\AssignmentDay37\actions-runner'
[2026-06-12 08:08:43Z INFO HostContext] Well known directory 'Diag': 'C:\Users\user\IdeaProjects\AssignmentDay37\actions-runner\_diag'
[2026-06-12 08:08:43Z INFO HostContext] Well known directory 'Bin': 'C:\Users\user\IdeaProjects\AssignmentDay37\actions-runner\bin'
[2026-06-12 08:08:43Z INFO HostContext] Well known directory 'Root': 'C:\Users\user\IdeaProjects\AssignmentDay37\actions-runner'
[2026-06-12 08:08:43Z INFO HostContext] Well known directory 'Diag': 'C:\Users\user\IdeaProjects\AssignmentDay37\actions-runner\_diag'
[2026-06-12 08:08:43Z INFO HostContext] Well known directory 'Bin': 'C:\Users\user\IdeaProjects\AssignmentDay37\actions-runner\bin'
[2026-06-12 08:08:43Z INFO HostContext] Well known directory 'Root': 'C:\Users\user\IdeaProjects\AssignmentDay37\actions-runner'
[2026-06-12 08:08:43Z INFO HostContext] Well known directory 'Work': 'C:\Users\user\IdeaProjects\AssignmentDay37\actions-runner\_work'
[2026-06-12 08:08:43Z INFO HostContext] Well known directory 'Temp': 'C:\Users\user\IdeaProjects\AssignmentDay37\actions-runner\_work\_temp'
[2026-06-12 08:08:43Z INFO ExecutionContext] Write event payload to C:\Users\user\IdeaProjects\AssignmentDay37\actions-runner\_work\_temp\_github_workflow\event.json
[2026-06-12 08:08:43Z INFO HostContext] Well known directory 'Bin': 'C:\Users\user\IdeaProjects\AssignmentDay37\actions-runner\bin'
[2026-06-12 08:08:43Z INFO HostContext] Well known directory 'Root': 'C:\Users\user\IdeaProjects\AssignmentDay37\actions-runner'
[2026-06-12 08:08:43Z INFO HostContext] Well known directory 'Work': 'C:\Users\user\IdeaProjects\AssignmentDay37\actions-runner\_work'
[2026-06-12 08:08:43Z INFO HostContext] Well known directory 'Temp': 'C:\Users\user\IdeaProjects\AssignmentDay37\actions-runner\_work\_temp'
[2026-06-12 08:08:43Z INFO ExtensionManager] Getting extensions for interface: 'GitHub.Runner.Worker.IFileCommandExtension'
[2026-06-12 08:08:43Z INFO ExtensionManager] Creating instance: GitHub.Runner.Worker.AddPathFileCommand, Runner.Worker
[2026-06-12 08:08:43Z INFO ExtensionManager] Creating instance: GitHub.Runner.Worker.SetEnvFileCommand, Runner.Worker
[2026-06-12 08:08:43Z INFO ExtensionManager] Creating instance: GitHub.Runner.Worker.CreateStepSummaryCommand, Runner.Worker
[2026-06-12 08:08:43Z INFO ExtensionManager] Creating instance: GitHub.Runner.Worker.SaveStateFileCommand, Runner.Worker
[2026-06-12 08:08:43Z INFO ExtensionManager] Creating instance: GitHub.Runner.Worker.SetOutputFileCommand, Runner.Worker
[2026-06-12 08:08:43Z INFO ActionManifestManagerLegacy] Input 'repository': default value evaluate result: {
  "type": 0,
  "file": 2,
  "line": 6,
  "col": 14,
  "lit": "RadenFR/Advanced-Mobile-Automation-Test"
}
[2026-06-12 08:08:43Z INFO ActionManifestManagerLegacy] Input 'ref': default value evaluate result: ""
[2026-06-12 08:08:43Z INFO ActionManifestManagerLegacy] Input 'token': default value evaluate result: {
  "type": 0,
  "file": 2,
  "line": 24,
  "col": 14,
  "lit": "***"
}
[2026-06-12 08:08:43Z INFO ActionManifestManagerLegacy] Input 'ssh-key': default value evaluate result: ""
[2026-06-12 08:08:43Z INFO ActionManifestManagerLegacy] Input 'ssh-known-hosts': default value evaluate result: ""
[2026-06-12 08:08:43Z INFO ActionManifestManagerLegacy] Input 'ssh-strict': default value evaluate result: {
  "type": 0,
  "file": 2,
  "line": 47,
  "col": 14,
  "lit": "true"
}
[2026-06-12 08:08:43Z INFO ActionManifestManagerLegacy] Input 'ssh-user': default value evaluate result: {
  "type": 0,
  "file": 2,
  "line": 51,
  "col": 14,
  "lit": "git"
}
[2026-06-12 08:08:43Z INFO ActionManifestManagerLegacy] Input 'persist-credentials': default value evaluate result: {
  "type": 0,
  "file": 2,
  "line": 54,
  "col": 14,
  "lit": "true"
}
[2026-06-12 08:08:43Z INFO ActionManifestManagerLegacy] Input 'path': default value evaluate result: ""
[2026-06-12 08:08:43Z INFO ActionManifestManagerLegacy] Input 'clean': default value evaluate result: {
  "type": 0,
  "file": 2,
  "line": 59,
  "col": 14,
  "lit": "true"
}
[2026-06-12 08:08:43Z INFO ActionManifestManagerLegacy] Input 'filter': default value evaluate result: {
  "type": 0,
  "file": 2,
  "line": 64,
  "col": 14,
  "lit": ""
}
[2026-06-12 08:08:43Z INFO ActionManifestManagerLegacy] Input 'sparse-checkout': default value evaluate result: {
  "type": 0,
  "file": 2,
  "line": 69,
  "col": 14,
  "lit": ""
}
[2026-06-12 08:08:43Z INFO ActionManifestManagerLegacy] Input 'sparse-checkout-cone-mode': default value evaluate result: {
  "type": 0,
  "file": 2,
  "line": 73,
  "col": 14,
  "lit": "true"
}
[2026-06-12 08:08:43Z INFO ActionManifestManagerLegacy] Input 'fetch-tags': default value evaluate result: {
  "type": 0,
  "file": 2,
  "line": 79,
  "col": 14,
  "lit": "false"
}
[2026-06-12 08:08:43Z INFO ActionManifestManagerLegacy] Input 'show-progress': default value evaluate result: {
  "type": 0,
  "file": 2,
  "line": 82,
  "col": 14,
  "lit": "true"
}
[2026-06-12 08:08:43Z INFO ActionManifestManagerLegacy] Input 'lfs': default value evaluate result: {
  "type": 0,
  "file": 2,
  "line": 85,
  "col": 14,
  "lit": "false"
}
[2026-06-12 08:08:43Z INFO ActionManifestManagerLegacy] Input 'submodules': default value evaluate result: {
  "type": 0,
  "file": 2,
  "line": 94,
  "col": 14,
  "lit": "false"
}
[2026-06-12 08:08:43Z INFO ActionManifestManagerLegacy] Input 'set-safe-directory': default value evaluate result: {
  "type": 0,
  "file": 2,
  "line": 97,
  "col": 14,
  "lit": "true"
}
[2026-06-12 08:08:43Z INFO ActionManifestManagerLegacy] Input 'github-server-url': default value evaluate result: ""
[2026-06-12 08:08:43Z INFO ExtensionManager] Getting extensions for interface: 'GitHub.Runner.Worker.IActionCommandExtension'
[2026-06-12 08:08:43Z INFO ExtensionManager] Creating instance: GitHub.Runner.Worker.InternalPluginSetRepoPathCommandExtension, Runner.Worker
[2026-06-12 08:08:43Z INFO ExtensionManager] Creating instance: GitHub.Runner.Worker.SetEnvCommandExtension, Runner.Worker
[2026-06-12 08:08:43Z INFO ExtensionManager] Creating instance: GitHub.Runner.Worker.SetOutputCommandExtension, Runner.Worker
[2026-06-12 08:08:43Z INFO ExtensionManager] Creating instance: GitHub.Runner.Worker.SaveStateCommandExtension, Runner.Worker
[2026-06-12 08:08:43Z INFO ExtensionManager] Creating instance: GitHub.Runner.Worker.AddPathCommandExtension, Runner.Worker
[2026-06-12 08:08:43Z INFO ExtensionManager] Creating instance: GitHub.Runner.Worker.AddMaskCommandExtension, Runner.Worker
[2026-06-12 08:08:43Z INFO ExtensionManager] Creating instance: GitHub.Runner.Worker.AddMatcherCommandExtension, Runner.Worker
[2026-06-12 08:08:43Z INFO ExtensionManager] Creating instance: GitHub.Runner.Worker.RemoveMatcherCommandExtension, Runner.Worker
[2026-06-12 08:08:43Z INFO ExtensionManager] Creating instance: GitHub.Runner.Worker.WarningCommandExtension, Runner.Worker
[2026-06-12 08:08:43Z INFO ExtensionManager] Creating instance: GitHub.Runner.Worker.ErrorCommandExtension, Runner.Worker
[2026-06-12 08:08:43Z INFO ExtensionManager] Creating instance: GitHub.Runner.Worker.NoticeCommandExtension, Runner.Worker
[2026-06-12 08:08:43Z INFO ExtensionManager] Creating instance: GitHub.Runner.Worker.DebugCommandExtension, Runner.Worker
[2026-06-12 08:08:43Z INFO ExtensionManager] Creating instance: GitHub.Runner.Worker.GroupCommandExtension, Runner.Worker
[2026-06-12 08:08:43Z INFO ExtensionManager] Creating instance: GitHub.Runner.Worker.EndGroupCommandExtension, Runner.Worker
[2026-06-12 08:08:43Z INFO ExtensionManager] Creating instance: GitHub.Runner.Worker.EchoCommandExtension, Runner.Worker
[2026-06-12 08:08:43Z INFO ActionCommandManager] Register action command extension for command internal-set-repo-path
[2026-06-12 08:08:43Z INFO ActionCommandManager] Register action command extension for command set-env
[2026-06-12 08:08:43Z INFO ActionCommandManager] Register action command extension for command set-output
[2026-06-12 08:08:43Z INFO ActionCommandManager] Register action command extension for command save-state
[2026-06-12 08:08:43Z INFO ActionCommandManager] Register action command extension for command add-path
[2026-06-12 08:08:43Z INFO ActionCommandManager] Register action command extension for command add-mask
[2026-06-12 08:08:43Z INFO ActionCommandManager] Register action command extension for command add-matcher
[2026-06-12 08:08:43Z INFO ActionCommandManager] Register action command extension for command remove-matcher
[2026-06-12 08:08:43Z INFO ActionCommandManager] Register action command extension for command warning
[2026-06-12 08:08:43Z INFO ActionCommandManager] Register action command extension for command error
[2026-06-12 08:08:43Z INFO ActionCommandManager] Register action command extension for command notice
[2026-06-12 08:08:43Z INFO ActionCommandManager] Register action command extension for command debug
[2026-06-12 08:08:43Z INFO ActionCommandManager] Register action command extension for command group
[2026-06-12 08:08:43Z INFO ActionCommandManager] Register action command extension for command endgroup
[2026-06-12 08:08:43Z INFO ActionCommandManager] Register action command extension for command echo
[2026-06-12 08:08:43Z INFO HostContext] Well known directory 'Bin': 'C:\Users\user\IdeaProjects\AssignmentDay37\actions-runner\bin'
[2026-06-12 08:08:43Z INFO HostContext] Well known directory 'Root': 'C:\Users\user\IdeaProjects\AssignmentDay37\actions-runner'
[2026-06-12 08:08:43Z INFO HostContext] Well known directory 'Externals': 'C:\Users\user\IdeaProjects\AssignmentDay37\actions-runner\externals'
[2026-06-12 08:08:43Z INFO ProcessInvokerWrapper] Starting process:
[2026-06-12 08:08:43Z INFO ProcessInvokerWrapper]   File name: 'C:\Users\user\IdeaProjects\AssignmentDay37\actions-runner\externals\node20\bin\node.exe'
[2026-06-12 08:08:43Z INFO ProcessInvokerWrapper]   Arguments: '"C:\Users\user\IdeaProjects\AssignmentDay37\actions-runner\_work\_actions\actions\checkout\v4\dist/index.js"'
[2026-06-12 08:08:43Z INFO ProcessInvokerWrapper]   Working directory: 'C:\Users\user\IdeaProjects\AssignmentDay37\actions-runner\_work\Advanced-Mobile-Automation-Test\Advanced-Mobile-Automation-Test'
[2026-06-12 08:08:43Z INFO ProcessInvokerWrapper]   Require exit code zero: 'False'
[2026-06-12 08:08:43Z INFO ProcessInvokerWrapper]   Encoding web name: utf-8 ; code page: '65001'
[2026-06-12 08:08:43Z INFO ProcessInvokerWrapper]   Force kill process on cancellation: 'False'
[2026-06-12 08:08:43Z INFO ProcessInvokerWrapper]   Redirected STDIN: 'False'
[2026-06-12 08:08:43Z INFO ProcessInvokerWrapper]   Persist current code page: 'True'
[2026-06-12 08:08:43Z INFO ProcessInvokerWrapper]   Keep redirected STDIN open: 'False'
[2026-06-12 08:08:43Z INFO ProcessInvokerWrapper]   High priority process: 'False'
[2026-06-12 08:08:43Z INFO ProcessInvokerWrapper] Process started with process id 8728, waiting for process exit.
[2026-06-12 08:08:43Z INFO JobServerQueue] Got a step log file to send to results service.
[2026-06-12 08:08:43Z INFO JobServerQueue] Starting upload of step log file to results service ResultsLog, C:\Users\user\IdeaProjects\AssignmentDay37\actions-runner\_diag\blocks\8100717b-2c0c-4d2c-a913-504379f3d06e_052035cb-59ee-4b42-a0b9-13f0369fae26.1
[2026-06-12 08:08:43Z INFO JobServerQueue] Try to upload 1 log files or attachments, success rate: 1/1.
[2026-06-12 08:08:43Z INFO JobServerQueue] Try to append 1 batches web console lines for record '0f4fc4f8-f50a-442d-9795-f0fb5648f85c', success rate: 1/1.
[2026-06-12 08:08:43Z INFO AddMaskCommandExtension] Add new secret mask with length of 588
[2026-06-12 08:08:43Z INFO JobServerQueue] Try to append 1 batches web console lines for record '0f4fc4f8-f50a-442d-9795-f0fb5648f85c', success rate: 1/1.
[2026-06-12 08:08:44Z INFO JobServerQueue] Try to append 1 batches web console lines for record '0f4fc4f8-f50a-442d-9795-f0fb5648f85c', success rate: 1/1.
[2026-06-12 08:08:44Z INFO JobServerQueue] Try to append 1 batches web console lines for record '0f4fc4f8-f50a-442d-9795-f0fb5648f85c', success rate: 1/1.
[2026-06-12 08:08:44Z INFO JobServerQueue] Tried to upload 1 file(s) to results, success rate: 1/1.
[2026-06-12 08:08:45Z INFO JobServerQueue] Try to append 1 batches web console lines for record '0f4fc4f8-f50a-442d-9795-f0fb5648f85c', success rate: 1/1.
[2026-06-12 08:08:45Z INFO JobServerQueue] Try to append 1 batches web console lines for record '0f4fc4f8-f50a-442d-9795-f0fb5648f85c', success rate: 1/1.
[2026-06-12 08:08:46Z INFO JobServerQueue] Try to append 1 batches web console lines for record '0f4fc4f8-f50a-442d-9795-f0fb5648f85c', success rate: 1/1.
[2026-06-12 08:08:53Z INFO HostContext] Well known directory 'Bin': 'C:\Users\user\IdeaProjects\AssignmentDay37\actions-runner\bin'
[2026-06-12 08:08:53Z INFO HostContext] Well known directory 'Root': 'C:\Users\user\IdeaProjects\AssignmentDay37\actions-runner'
[2026-06-12 08:08:53Z INFO HostContext] Well known directory 'Work': 'C:\Users\user\IdeaProjects\AssignmentDay37\actions-runner\_work'
[2026-06-12 08:08:59Z INFO JobServerQueue] Try to append 1 batches web console lines for record '0f4fc4f8-f50a-442d-9795-f0fb5648f85c', success rate: 1/1.
[2026-06-12 08:09:00Z INFO JobServerQueue] Try to append 1 batches web console lines for record '0f4fc4f8-f50a-442d-9795-f0fb5648f85c', success rate: 1/1.
[2026-06-12 08:09:00Z INFO ProcessInvokerWrapper] STDOUT/STDERR stream read finished.
[2026-06-12 08:09:00Z INFO ProcessInvokerWrapper] STDOUT/STDERR stream read finished.
[2026-06-12 08:09:00Z INFO ProcessInvokerWrapper] Finished process 8728 with exit code 0, and elapsed time 00:00:17.0502765.
[2026-06-12 08:09:00Z INFO CreateStepSummaryCommand] Step Summary file (C:\Users\user\IdeaProjects\AssignmentDay37\actions-runner\_work\_temp\_runner_file_commands\step_summary_b52b672f-b46d-47ce-9be5-f1c74312c567) is empty; skipping attachment upload
[2026-06-12 08:09:00Z INFO StepsRunner] Step result: 
[2026-06-12 08:09:00Z INFO ExecutionContext] Publish step telemetry for current step {
  "action": "actions/checkout",
  "ref": "v4",
  "type": "node20",
  "stage": "Main",
  "stepId": "0f4fc4f8-f50a-442d-9795-f0fb5648f85c",
  "stepContextName": "__actions_checkout",
  "hasPreStep": false,
  "hasPostStep": true,
  "result": "succeeded",
  "errorMessages": [],
  "executionTimeInSeconds": 18,
  "startTime": "2026-06-12T08:08:43.0899159Z",
  "finishTime": "2026-06-12T08:09:00.21952Z"
}.
[2026-06-12 08:09:00Z INFO StepsRunner] No need for updating job result with current step result 'Succeeded'.
[2026-06-12 08:09:00Z INFO StepsRunner] Current state: job state = ''
[2026-06-12 08:09:00Z INFO StepsRunner] Processing step: DisplayName='Run All Test'
[2026-06-12 08:09:00Z INFO StepsRunner] Evaluating: success()
[2026-06-12 08:09:00Z INFO StepsRunner] Result: true
[2026-06-12 08:09:00Z INFO StepsRunner] Starting the step.
[2026-06-12 08:09:00Z INFO HostContext] Well known directory 'Bin': 'C:\Users\user\IdeaProjects\AssignmentDay37\actions-runner\bin'
[2026-06-12 08:09:00Z INFO HostContext] Well known directory 'Root': 'C:\Users\user\IdeaProjects\AssignmentDay37\actions-runner'
[2026-06-12 08:09:00Z INFO HostContext] Well known directory 'Work': 'C:\Users\user\IdeaProjects\AssignmentDay37\actions-runner\_work'
[2026-06-12 08:09:00Z INFO StepsRunner] Which2: 'chcp'
[2026-06-12 08:09:00Z INFO StepsRunner] Location: 'C:\Windows\system32\chcp.COM'
[2026-06-12 08:09:00Z INFO ProcessInvokerWrapper] Starting process:
[2026-06-12 08:09:00Z INFO ProcessInvokerWrapper]   File name: 'C:\Windows\system32\chcp.COM'
[2026-06-12 08:09:00Z INFO ProcessInvokerWrapper]   Arguments: '65001'
[2026-06-12 08:09:00Z INFO ProcessInvokerWrapper]   Working directory: 'C:\Users\user\IdeaProjects\AssignmentDay37\actions-runner\_work'
[2026-06-12 08:09:00Z INFO ProcessInvokerWrapper]   Require exit code zero: 'False'
[2026-06-12 08:09:00Z INFO ProcessInvokerWrapper]   Encoding web name:  ; code page: ''
[2026-06-12 08:09:00Z INFO ProcessInvokerWrapper]   Force kill process on cancellation: 'False'
[2026-06-12 08:09:00Z INFO ProcessInvokerWrapper]   Redirected STDIN: 'False'
[2026-06-12 08:09:00Z INFO ProcessInvokerWrapper]   Persist current code page: 'True'
[2026-06-12 08:09:00Z INFO ProcessInvokerWrapper]   Keep redirected STDIN open: 'False'
[2026-06-12 08:09:00Z INFO ProcessInvokerWrapper]   High priority process: 'False'
[2026-06-12 08:09:00Z INFO ProcessInvokerWrapper] Process started with process id 25968, waiting for process exit.
[2026-06-12 08:09:00Z INFO ProcessInvokerWrapper] STDOUT/STDERR stream read finished.
[2026-06-12 08:09:00Z INFO ProcessInvokerWrapper] STDOUT/STDERR stream read finished.
[2026-06-12 08:09:00Z INFO ProcessInvokerWrapper] Finished process 25968 with exit code 0, and elapsed time 00:00:00.0084029.
[2026-06-12 08:09:00Z INFO StepsRunner] Successfully returned to code page 65001 (UTF8)
[2026-06-12 08:09:00Z INFO HostContext] Well known directory 'Bin': 'C:\Users\user\IdeaProjects\AssignmentDay37\actions-runner\bin'
[2026-06-12 08:09:00Z INFO HostContext] Well known directory 'Root': 'C:\Users\user\IdeaProjects\AssignmentDay37\actions-runner'
[2026-06-12 08:09:00Z INFO HostContext] Well known directory 'Work': 'C:\Users\user\IdeaProjects\AssignmentDay37\actions-runner\_work'
[2026-06-12 08:09:00Z INFO HostContext] Well known directory 'Temp': 'C:\Users\user\IdeaProjects\AssignmentDay37\actions-runner\_work\_temp'
[2026-06-12 08:09:00Z INFO ExecutionContext] Write event payload to C:\Users\user\IdeaProjects\AssignmentDay37\actions-runner\_work\_temp\_github_workflow\event.json
[2026-06-12 08:09:00Z INFO HostContext] Well known directory 'Bin': 'C:\Users\user\IdeaProjects\AssignmentDay37\actions-runner\bin'
[2026-06-12 08:09:00Z INFO HostContext] Well known directory 'Root': 'C:\Users\user\IdeaProjects\AssignmentDay37\actions-runner'
[2026-06-12 08:09:00Z INFO HostContext] Well known directory 'Work': 'C:\Users\user\IdeaProjects\AssignmentDay37\actions-runner\_work'
[2026-06-12 08:09:00Z INFO HostContext] Well known directory 'Temp': 'C:\Users\user\IdeaProjects\AssignmentDay37\actions-runner\_work\_temp'
[2026-06-12 08:09:00Z INFO ExtensionManager] Getting extensions for interface: 'GitHub.Runner.Worker.IFileCommandExtension'
[2026-06-12 08:09:00Z INFO ExtensionManager] Getting extensions for interface: 'GitHub.Runner.Worker.IActionCommandExtension'
[2026-06-12 08:09:00Z INFO ActionCommandManager] Register action command extension for command internal-set-repo-path
[2026-06-12 08:09:00Z INFO ActionCommandManager] Register action command extension for command set-env
[2026-06-12 08:09:00Z INFO ActionCommandManager] Register action command extension for command set-output
[2026-06-12 08:09:00Z INFO ActionCommandManager] Register action command extension for command save-state
[2026-06-12 08:09:00Z INFO ActionCommandManager] Register action command extension for command add-path
[2026-06-12 08:09:00Z INFO ActionCommandManager] Register action command extension for command add-mask
[2026-06-12 08:09:00Z INFO ActionCommandManager] Register action command extension for command add-matcher
[2026-06-12 08:09:00Z INFO ActionCommandManager] Register action command extension for command remove-matcher
[2026-06-12 08:09:00Z INFO ActionCommandManager] Register action command extension for command warning
[2026-06-12 08:09:00Z INFO ActionCommandManager] Register action command extension for command error
[2026-06-12 08:09:00Z INFO ActionCommandManager] Register action command extension for command notice
[2026-06-12 08:09:00Z INFO ActionCommandManager] Register action command extension for command debug
[2026-06-12 08:09:00Z INFO ActionCommandManager] Register action command extension for command group
[2026-06-12 08:09:00Z INFO ActionCommandManager] Register action command extension for command endgroup
[2026-06-12 08:09:00Z INFO ActionCommandManager] Register action command extension for command echo
[2026-06-12 08:09:00Z INFO ScriptHandler] Which2: 'pwsh'
[2026-06-12 08:09:00Z INFO ScriptHandler] pwsh: command not found. Make sure 'pwsh' is installed and its location included in the 'Path' environment variable.
[2026-06-12 08:09:00Z INFO ScriptHandler] Defaulting to powershell
[2026-06-12 08:09:00Z INFO ScriptHandler] Which2: 'powershell'
[2026-06-12 08:09:00Z INFO ScriptHandler] Location: 'C:\Windows\System32\WindowsPowerShell\v1.0\powershell.EXE'
[2026-06-12 08:09:00Z INFO HostContext] Well known directory 'Bin': 'C:\Users\user\IdeaProjects\AssignmentDay37\actions-runner\bin'
[2026-06-12 08:09:00Z INFO HostContext] Well known directory 'Root': 'C:\Users\user\IdeaProjects\AssignmentDay37\actions-runner'
[2026-06-12 08:09:00Z INFO HostContext] Well known directory 'Work': 'C:\Users\user\IdeaProjects\AssignmentDay37\actions-runner\_work'
[2026-06-12 08:09:00Z INFO HostContext] Well known directory 'Temp': 'C:\Users\user\IdeaProjects\AssignmentDay37\actions-runner\_work\_temp'
[2026-06-12 08:09:00Z INFO ScriptHandler] Which2: 'pwsh'
[2026-06-12 08:09:00Z INFO ScriptHandler] pwsh: command not found. Make sure 'pwsh' is installed and its location included in the 'Path' environment variable.
[2026-06-12 08:09:00Z INFO ScriptHandler] Defaulting to powershell
[2026-06-12 08:09:00Z INFO ScriptHandler] Which2: 'powershell'
[2026-06-12 08:09:00Z INFO ScriptHandler] Location: 'C:\Windows\System32\WindowsPowerShell\v1.0\powershell.EXE'
[2026-06-12 08:09:00Z INFO ProcessInvokerWrapper] Starting process:
[2026-06-12 08:09:00Z INFO ProcessInvokerWrapper]   File name: 'C:\Windows\System32\WindowsPowerShell\v1.0\powershell.EXE'
[2026-06-12 08:09:00Z INFO ProcessInvokerWrapper]   Arguments: '-command ". 'C:\Users\user\IdeaProjects\AssignmentDay37\actions-runner\_work\_temp\12f8cac6-23b2-4e2c-a690-c6db9275ee43.ps1'"'
[2026-06-12 08:09:00Z INFO ProcessInvokerWrapper]   Working directory: 'C:\Users\user\IdeaProjects\AssignmentDay37\actions-runner\_work\Advanced-Mobile-Automation-Test\Advanced-Mobile-Automation-Test'
[2026-06-12 08:09:00Z INFO ProcessInvokerWrapper]   Require exit code zero: 'False'
[2026-06-12 08:09:00Z INFO ProcessInvokerWrapper]   Encoding web name:  ; code page: ''
[2026-06-12 08:09:00Z INFO ProcessInvokerWrapper]   Force kill process on cancellation: 'False'
[2026-06-12 08:09:00Z INFO ProcessInvokerWrapper]   Redirected STDIN: 'False'
[2026-06-12 08:09:00Z INFO ProcessInvokerWrapper]   Persist current code page: 'True'
[2026-06-12 08:09:00Z INFO ProcessInvokerWrapper]   Keep redirected STDIN open: 'False'
[2026-06-12 08:09:00Z INFO ProcessInvokerWrapper]   High priority process: 'False'
[2026-06-12 08:09:00Z INFO ProcessInvokerWrapper] Process started with process id 9604, waiting for process exit.
[2026-06-12 08:09:00Z INFO JobServerQueue] Try to upload 1 log files or attachments, success rate: 1/1.
[2026-06-12 08:09:00Z INFO JobServerQueue] Try to append 1 batches web console lines for record '32a4d18d-d2de-4cac-8de7-c99c812d1546', success rate: 1/1.
[2026-06-12 08:09:00Z INFO ProcessInvokerWrapper] STDOUT/STDERR stream read finished.
[2026-06-12 08:09:00Z INFO ProcessInvokerWrapper] STDOUT/STDERR stream read finished.
[2026-06-12 08:09:00Z INFO ProcessInvokerWrapper] Finished process 9604 with exit code 1, and elapsed time 00:00:00.2449696.
[2026-06-12 08:09:00Z INFO CreateStepSummaryCommand] Step Summary file (C:\Users\user\IdeaProjects\AssignmentDay37\actions-runner\_work\_temp\_runner_file_commands\step_summary_10d25959-aa97-4e80-96cb-c99b760440df) is empty; skipping attachment upload
[2026-06-12 08:09:00Z INFO StepsRunner] Step result: Failed
[2026-06-12 08:09:00Z INFO ExecutionContext] Publish step telemetry for current step {
  "action": "powershell",
  "type": "run",
  "stage": "Main",
  "stepId": "32a4d18d-d2de-4cac-8de7-c99c812d1546",
  "stepContextName": "__run",
  "result": "failed",
  "errorMessages": [
    "Process completed with exit code 1."
  ],
  "executionTimeInSeconds": 1,
  "startTime": "2026-06-12T08:09:00.2206429Z",
  "finishTime": "2026-06-12T08:09:00.5118941Z"
}.
[2026-06-12 08:09:00Z INFO StepsRunner] Update job result with current step result 'Failed'.
[2026-06-12 08:09:00Z INFO StepsRunner] Current state: job state = 'Failed'
[2026-06-12 08:09:00Z INFO StepsRunner] Processing step: DisplayName='Post Checkout'
[2026-06-12 08:09:00Z INFO StepsRunner] Evaluating: always()
[2026-06-12 08:09:00Z INFO StepsRunner] Result: true
[2026-06-12 08:09:00Z INFO StepsRunner] Starting the step.
[2026-06-12 08:09:00Z INFO HostContext] Well known directory 'Bin': 'C:\Users\user\IdeaProjects\AssignmentDay37\actions-runner\bin'
[2026-06-12 08:09:00Z INFO HostContext] Well known directory 'Root': 'C:\Users\user\IdeaProjects\AssignmentDay37\actions-runner'
[2026-06-12 08:09:00Z INFO HostContext] Well known directory 'Work': 'C:\Users\user\IdeaProjects\AssignmentDay37\actions-runner\_work'
[2026-06-12 08:09:00Z INFO StepsRunner] Which2: 'chcp'
[2026-06-12 08:09:00Z INFO StepsRunner] Location: 'C:\Windows\system32\chcp.COM'
[2026-06-12 08:09:00Z INFO ProcessInvokerWrapper] Starting process:
[2026-06-12 08:09:00Z INFO ProcessInvokerWrapper]   File name: 'C:\Windows\system32\chcp.COM'
[2026-06-12 08:09:00Z INFO ProcessInvokerWrapper]   Arguments: '65001'
[2026-06-12 08:09:00Z INFO ProcessInvokerWrapper]   Working directory: 'C:\Users\user\IdeaProjects\AssignmentDay37\actions-runner\_work'
[2026-06-12 08:09:00Z INFO ProcessInvokerWrapper]   Require exit code zero: 'False'
[2026-06-12 08:09:00Z INFO ProcessInvokerWrapper]   Encoding web name:  ; code page: ''
[2026-06-12 08:09:00Z INFO ProcessInvokerWrapper]   Force kill process on cancellation: 'False'
[2026-06-12 08:09:00Z INFO ProcessInvokerWrapper]   Redirected STDIN: 'False'
[2026-06-12 08:09:00Z INFO ProcessInvokerWrapper]   Persist current code page: 'True'
[2026-06-12 08:09:00Z INFO ProcessInvokerWrapper]   Keep redirected STDIN open: 'False'
[2026-06-12 08:09:00Z INFO ProcessInvokerWrapper]   High priority process: 'False'
[2026-06-12 08:09:00Z INFO ProcessInvokerWrapper] Process started with process id 28528, waiting for process exit.
[2026-06-12 08:09:00Z INFO ProcessInvokerWrapper] STDOUT/STDERR stream read finished.
[2026-06-12 08:09:00Z INFO ProcessInvokerWrapper] STDOUT/STDERR stream read finished.
[2026-06-12 08:09:00Z INFO ProcessInvokerWrapper] Finished process 28528 with exit code 0, and elapsed time 00:00:00.0077070.
[2026-06-12 08:09:00Z INFO StepsRunner] Successfully returned to code page 65001 (UTF8)
[2026-06-12 08:09:00Z INFO HostContext] Well known directory 'Bin': 'C:\Users\user\IdeaProjects\AssignmentDay37\actions-runner\bin'
[2026-06-12 08:09:00Z INFO HostContext] Well known directory 'Root': 'C:\Users\user\IdeaProjects\AssignmentDay37\actions-runner'
[2026-06-12 08:09:00Z INFO HostContext] Well known directory 'Work': 'C:\Users\user\IdeaProjects\AssignmentDay37\actions-runner\_work'
[2026-06-12 08:09:00Z INFO HostContext] Well known directory 'Actions': 'C:\Users\user\IdeaProjects\AssignmentDay37\actions-runner\_work\_actions'
[2026-06-12 08:09:00Z INFO ActionManager] Load action that reference repository from 'C:\Users\user\IdeaProjects\AssignmentDay37\actions-runner\_work\_actions\actions\checkout\v4'
[2026-06-12 08:09:00Z INFO HostContext] Well known directory 'Bin': 'C:\Users\user\IdeaProjects\AssignmentDay37\actions-runner\bin'
[2026-06-12 08:09:00Z INFO HostContext] Well known directory 'Root': 'C:\Users\user\IdeaProjects\AssignmentDay37\actions-runner'
[2026-06-12 08:09:00Z INFO HostContext] Well known directory 'Work': 'C:\Users\user\IdeaProjects\AssignmentDay37\actions-runner\_work'
[2026-06-12 08:09:00Z INFO HostContext] Well known directory 'Actions': 'C:\Users\user\IdeaProjects\AssignmentDay37\actions-runner\_work\_actions'
[2026-06-12 08:09:00Z INFO ActionManifestManagerLegacy] Loaded action.yml file: {
  "name": "Checkout",
  "description": "Checkout a Git repository at a particular version",
  "inputs": {
    "type": 2,
    "map": [
      {
        "key": {
          "type": 0,
          "file": 2,
          "line": 4,
          "col": 3,
          "lit": "repository"
        },
        "value": {
          "type": 3,
          "file": 2,
          "line": 6,
          "col": 14,
          "expr": "github.repository"
        }
      },
      {
        "key": {
          "type": 0,
          "file": 2,
          "line": 7,
          "col": 3,
          "lit": "ref"
        },
        "value": ""
      },
      {
        "key": {
          "type": 0,
          "file": 2,
          "line": 12,
          "col": 3,
          "lit": "token"
        },
        "value": {
          "type": 3,
          "file": 2,
          "line": 24,
          "col": 14,
          "expr": "github.token"
        }
      },
      {
        "key": {
          "type": 0,
          "file": 2,
          "line": 25,
          "col": 3,
          "lit": "ssh-key"
        },
        "value": ""
      },
      {
        "key": {
          "type": 0,
          "file": 2,
          "line": 37,
          "col": 3,
          "lit": "ssh-known-hosts"
        },
        "value": ""
      },
      {
        "key": {
          "type": 0,
          "file": 2,
          "line": 42,
          "col": 3,
          "lit": "ssh-strict"
        },
        "value": {
          "type": 0,
          "file": 2,
          "line": 47,
          "col": 14,
          "lit": "true"
        }
      },
      {
        "key": {
          "type": 0,
          "file": 2,
          "line": 48,
          "col": 3,
          "lit": "ssh-user"
        },
        "value": {
          "type": 0,
          "file": 2,
          "line": 51,
          "col": 14,
          "lit": "git"
        }
      },
      {
        "key": {
          "type": 0,
          "file": 2,
          "line": 52,
          "col": 3,
          "lit": "persist-credentials"
        },
        "value": {
          "type": 0,
          "file": 2,
          "line": 54,
          "col": 14,
          "lit": "true"
        }
      },
      {
        "key": {
          "type": 0,
          "file": 2,
          "line": 55,
          "col": 3,
          "lit": "path"
        },
        "value": ""
      },
      {
        "key": {
          "type": 0,
          "file": 2,
          "line": 57,
          "col": 3,
          "lit": "clean"
        },
        "value": {
          "type": 0,
          "file": 2,
          "line": 59,
          "col": 14,
          "lit": "true"
        }
      },
      {
        "key": {
          "type": 0,
          "file": 2,
          "line": 60,
          "col": 3,
          "lit": "filter"
        },
        "value": {
          "type": 0,
          "file": 2,
          "line": 64,
          "col": 14,
          "lit": ""
        }
      },
      {
        "key": {
          "type": 0,
          "file": 2,
          "line": 65,
          "col": 3,
          "lit": "sparse-checkout"
        },
        "value": {
          "type": 0,
          "file": 2,
          "line": 69,
          "col": 14,
          "lit": ""
        }
      },
      {
        "key": {
          "type": 0,
          "file": 2,
          "line": 70,
          "col": 3,
          "lit": "sparse-checkout-cone-mode"
        },
        "value": {
          "type": 0,
          "file": 2,
          "line": 73,
          "col": 14,
          "lit": "true"
        }
      },
      {
        "key": {
          "type": 0,
          "file": 2,
          "line": 74,
          "col": 3,
          "lit": "fetch-depth"
        },
        "value": {
          "type": 0,
          "file": 2,
          "line": 76,
          "col": 14,
          "lit": "1"
        }
      },
      {
        "key": {
          "type": 0,
          "file": 2,
          "line": 77,
          "col": 3,
          "lit": "fetch-tags"
        },
        "value": {
          "type": 0,
          "file": 2,
          "line": 79,
          "col": 14,
          "lit": "false"
        }
      },
      {
        "key": {
          "type": 0,
          "file": 2,
          "line": 80,
          "col": 3,
          "lit": "show-progress"
        },
        "value": {
          "type": 0,
          "file": 2,
          "line": 82,
          "col": 14,
          "lit": "true"
        }
      },
      {
        "key": {
          "type": 0,
          "file": 2,
          "line": 83,
          "col": 3,
          "lit": "lfs"
        },
        "value": {
          "type": 0,
          "file": 2,
          "line": 85,
          "col": 14,
          "lit": "false"
        }
      },
      {
        "key": {
          "type": 0,
          "file": 2,
          "line": 86,
          "col": 3,
          "lit": "submodules"
        },
        "value": {
          "type": 0,
          "file": 2,
          "line": 94,
          "col": 14,
          "lit": "false"
        }
      },
      {
        "key": {
          "type": 0,
          "file": 2,
          "line": 95,
          "col": 3,
          "lit": "set-safe-directory"
        },
        "value": {
          "type": 0,
          "file": 2,
          "line": 97,
          "col": 14,
          "lit": "true"
        }
      },
      {
        "key": {
          "type": 0,
          "file": 2,
          "line": 98,
          "col": 3,
          "lit": "github-server-url"
        },
        "value": ""
      }
    ]
  },
  "execution": {
    "executionType": "nodeJS",
    "hasPre": false,
    "hasPost": true,
    "script": "dist/index.js",
    "pre": null,
    "post": "dist/index.js",
    "nodeVersion": "node20",
    "cleanupCondition": "always()",
    "initCondition": "always()"
  },
  "deprecated": null
}
[2026-06-12 08:09:00Z INFO ActionManager] Action pre node.js file: N/A.
[2026-06-12 08:09:00Z INFO ActionManager] Action node.js file: dist/index.js.
[2026-06-12 08:09:00Z INFO ActionManager] Action post node.js file: dist/index.js.
[2026-06-12 08:09:00Z INFO HostContext] Well known directory 'Bin': 'C:\Users\user\IdeaProjects\AssignmentDay37\actions-runner\bin'
[2026-06-12 08:09:00Z INFO HostContext] Well known directory 'Root': 'C:\Users\user\IdeaProjects\AssignmentDay37\actions-runner'
[2026-06-12 08:09:00Z INFO HostContext] Well known directory 'Work': 'C:\Users\user\IdeaProjects\AssignmentDay37\actions-runner\_work'
[2026-06-12 08:09:00Z INFO HostContext] Well known directory 'Temp': 'C:\Users\user\IdeaProjects\AssignmentDay37\actions-runner\_work\_temp'
[2026-06-12 08:09:00Z INFO ExecutionContext] Write event payload to C:\Users\user\IdeaProjects\AssignmentDay37\actions-runner\_work\_temp\_github_workflow\event.json
[2026-06-12 08:09:00Z INFO HostContext] Well known directory 'Bin': 'C:\Users\user\IdeaProjects\AssignmentDay37\actions-runner\bin'
[2026-06-12 08:09:00Z INFO HostContext] Well known directory 'Root': 'C:\Users\user\IdeaProjects\AssignmentDay37\actions-runner'
[2026-06-12 08:09:00Z INFO HostContext] Well known directory 'Work': 'C:\Users\user\IdeaProjects\AssignmentDay37\actions-runner\_work'
[2026-06-12 08:09:00Z INFO HostContext] Well known directory 'Temp': 'C:\Users\user\IdeaProjects\AssignmentDay37\actions-runner\_work\_temp'
[2026-06-12 08:09:00Z INFO ExtensionManager] Getting extensions for interface: 'GitHub.Runner.Worker.IFileCommandExtension'
[2026-06-12 08:09:00Z INFO ActionManifestManagerLegacy] Input 'repository': default value evaluate result: {
  "type": 0,
  "file": 2,
  "line": 6,
  "col": 14,
  "lit": "RadenFR/Advanced-Mobile-Automation-Test"
}
[2026-06-12 08:09:00Z INFO ActionManifestManagerLegacy] Input 'ref': default value evaluate result: ""
[2026-06-12 08:09:00Z INFO ActionManifestManagerLegacy] Input 'token': default value evaluate result: {
  "type": 0,
  "file": 2,
  "line": 24,
  "col": 14,
  "lit": "***"
}
[2026-06-12 08:09:00Z INFO ActionManifestManagerLegacy] Input 'ssh-key': default value evaluate result: ""
[2026-06-12 08:09:00Z INFO ActionManifestManagerLegacy] Input 'ssh-known-hosts': default value evaluate result: ""
[2026-06-12 08:09:00Z INFO ActionManifestManagerLegacy] Input 'ssh-strict': default value evaluate result: {
  "type": 0,
  "file": 2,
  "line": 47,
  "col": 14,
  "lit": "true"
}
[2026-06-12 08:09:00Z INFO ActionManifestManagerLegacy] Input 'ssh-user': default value evaluate result: {
  "type": 0,
  "file": 2,
  "line": 51,
  "col": 14,
  "lit": "git"
}
[2026-06-12 08:09:00Z INFO ActionManifestManagerLegacy] Input 'persist-credentials': default value evaluate result: {
  "type": 0,
  "file": 2,
  "line": 54,
  "col": 14,
  "lit": "true"
}
[2026-06-12 08:09:00Z INFO ActionManifestManagerLegacy] Input 'path': default value evaluate result: ""
[2026-06-12 08:09:00Z INFO ActionManifestManagerLegacy] Input 'clean': default value evaluate result: {
  "type": 0,
  "file": 2,
  "line": 59,
  "col": 14,
  "lit": "true"
}
[2026-06-12 08:09:00Z INFO ActionManifestManagerLegacy] Input 'filter': default value evaluate result: {
  "type": 0,
  "file": 2,
  "line": 64,
  "col": 14,
  "lit": ""
}
[2026-06-12 08:09:00Z INFO ActionManifestManagerLegacy] Input 'sparse-checkout': default value evaluate result: {
  "type": 0,
  "file": 2,
  "line": 69,
  "col": 14,
  "lit": ""
}
[2026-06-12 08:09:00Z INFO ActionManifestManagerLegacy] Input 'sparse-checkout-cone-mode': default value evaluate result: {
  "type": 0,
  "file": 2,
  "line": 73,
  "col": 14,
  "lit": "true"
}
[2026-06-12 08:09:00Z INFO ActionManifestManagerLegacy] Input 'fetch-tags': default value evaluate result: {
  "type": 0,
  "file": 2,
  "line": 79,
  "col": 14,
  "lit": "false"
}
[2026-06-12 08:09:00Z INFO ActionManifestManagerLegacy] Input 'show-progress': default value evaluate result: {
  "type": 0,
  "file": 2,
  "line": 82,
  "col": 14,
  "lit": "true"
}
[2026-06-12 08:09:00Z INFO ActionManifestManagerLegacy] Input 'lfs': default value evaluate result: {
  "type": 0,
  "file": 2,
  "line": 85,
  "col": 14,
  "lit": "false"
}
[2026-06-12 08:09:00Z INFO ActionManifestManagerLegacy] Input 'submodules': default value evaluate result: {
  "type": 0,
  "file": 2,
  "line": 94,
  "col": 14,
  "lit": "false"
}
[2026-06-12 08:09:00Z INFO ActionManifestManagerLegacy] Input 'set-safe-directory': default value evaluate result: {
  "type": 0,
  "file": 2,
  "line": 97,
  "col": 14,
  "lit": "true"
}
[2026-06-12 08:09:00Z INFO ActionManifestManagerLegacy] Input 'github-server-url': default value evaluate result: ""
[2026-06-12 08:09:00Z INFO ExtensionManager] Getting extensions for interface: 'GitHub.Runner.Worker.IActionCommandExtension'
[2026-06-12 08:09:00Z INFO ActionCommandManager] Register action command extension for command internal-set-repo-path
[2026-06-12 08:09:00Z INFO ActionCommandManager] Register action command extension for command set-env
[2026-06-12 08:09:00Z INFO ActionCommandManager] Register action command extension for command set-output
[2026-06-12 08:09:00Z INFO ActionCommandManager] Register action command extension for command save-state
[2026-06-12 08:09:00Z INFO ActionCommandManager] Register action command extension for command add-path
[2026-06-12 08:09:00Z INFO ActionCommandManager] Register action command extension for command add-mask
[2026-06-12 08:09:00Z INFO ActionCommandManager] Register action command extension for command add-matcher
[2026-06-12 08:09:00Z INFO ActionCommandManager] Register action command extension for command remove-matcher
[2026-06-12 08:09:00Z INFO ActionCommandManager] Register action command extension for command warning
[2026-06-12 08:09:00Z INFO ActionCommandManager] Register action command extension for command error
[2026-06-12 08:09:00Z INFO ActionCommandManager] Register action command extension for command notice
[2026-06-12 08:09:00Z INFO ActionCommandManager] Register action command extension for command debug
[2026-06-12 08:09:00Z INFO ActionCommandManager] Register action command extension for command group
[2026-06-12 08:09:00Z INFO ActionCommandManager] Register action command extension for command endgroup
[2026-06-12 08:09:00Z INFO ActionCommandManager] Register action command extension for command echo
[2026-06-12 08:09:00Z INFO HostContext] Well known directory 'Bin': 'C:\Users\user\IdeaProjects\AssignmentDay37\actions-runner\bin'
[2026-06-12 08:09:00Z INFO HostContext] Well known directory 'Root': 'C:\Users\user\IdeaProjects\AssignmentDay37\actions-runner'
[2026-06-12 08:09:00Z INFO HostContext] Well known directory 'Externals': 'C:\Users\user\IdeaProjects\AssignmentDay37\actions-runner\externals'
[2026-06-12 08:09:00Z INFO ProcessInvokerWrapper] Starting process:
[2026-06-12 08:09:00Z INFO ProcessInvokerWrapper]   File name: 'C:\Users\user\IdeaProjects\AssignmentDay37\actions-runner\externals\node20\bin\node.exe'
[2026-06-12 08:09:00Z INFO ProcessInvokerWrapper]   Arguments: '"C:\Users\user\IdeaProjects\AssignmentDay37\actions-runner\_work\_actions\actions\checkout\v4\dist/index.js"'
[2026-06-12 08:09:00Z INFO ProcessInvokerWrapper]   Working directory: 'C:\Users\user\IdeaProjects\AssignmentDay37\actions-runner\_work\Advanced-Mobile-Automation-Test\Advanced-Mobile-Automation-Test'
[2026-06-12 08:09:00Z INFO ProcessInvokerWrapper]   Require exit code zero: 'False'
[2026-06-12 08:09:00Z INFO ProcessInvokerWrapper]   Encoding web name: utf-8 ; code page: '65001'
[2026-06-12 08:09:00Z INFO ProcessInvokerWrapper]   Force kill process on cancellation: 'False'
[2026-06-12 08:09:00Z INFO ProcessInvokerWrapper]   Redirected STDIN: 'False'
[2026-06-12 08:09:00Z INFO ProcessInvokerWrapper]   Persist current code page: 'True'
[2026-06-12 08:09:00Z INFO ProcessInvokerWrapper]   Keep redirected STDIN open: 'False'
[2026-06-12 08:09:00Z INFO ProcessInvokerWrapper]   High priority process: 'False'
[2026-06-12 08:09:00Z INFO ProcessInvokerWrapper] Process started with process id 1240, waiting for process exit.
[2026-06-12 08:09:00Z INFO AddMaskCommandExtension] Add new secret mask with length of 32
[2026-06-12 08:09:00Z INFO JobServerQueue] Try to append 1 batches web console lines for record '32a4d18d-d2de-4cac-8de7-c99c812d1546', success rate: 1/1.
[2026-06-12 08:09:00Z INFO JobServerQueue] Try to append 1 batches web console lines for record '2862bbb8-a81c-47a8-b88d-cb5053d78227', success rate: 1/1.
[2026-06-12 08:09:00Z INFO JobServerQueue] Got a step log file to send to results service.
[2026-06-12 08:09:00Z INFO JobServerQueue] Starting upload of step log file to results service ResultsLog, C:\Users\user\IdeaProjects\AssignmentDay37\actions-runner\_diag\blocks\8100717b-2c0c-4d2c-a913-504379f3d06e_0f4fc4f8-f50a-442d-9795-f0fb5648f85c.1
[2026-06-12 08:09:00Z INFO JobServerQueue] Try to append 1 batches web console lines for record '2862bbb8-a81c-47a8-b88d-cb5053d78227', success rate: 1/1.
[2026-06-12 08:09:01Z INFO JobServerQueue] Try to upload 1 log files or attachments, success rate: 1/1.
[2026-06-12 08:09:01Z INFO ProcessInvokerWrapper] STDOUT/STDERR stream read finished.
[2026-06-12 08:09:01Z INFO ProcessInvokerWrapper] STDOUT/STDERR stream read finished.
[2026-06-12 08:09:01Z INFO ProcessInvokerWrapper] Finished process 1240 with exit code 0, and elapsed time 00:00:00.9414991.
[2026-06-12 08:09:01Z INFO CreateStepSummaryCommand] Step Summary file (C:\Users\user\IdeaProjects\AssignmentDay37\actions-runner\_work\_temp\_runner_file_commands\step_summary_f11ed71c-22ba-469b-9390-cbc207ab5cd3) is empty; skipping attachment upload
[2026-06-12 08:09:01Z INFO StepsRunner] Step result: 
[2026-06-12 08:09:01Z INFO ExecutionContext] Publish step telemetry for current step {
  "action": "actions/checkout",
  "ref": "v4",
  "type": "node20",
  "stage": "Post",
  "stepId": "2862bbb8-a81c-47a8-b88d-cb5053d78227",
  "result": "succeeded",
  "errorMessages": [
    "The process 'C:\\Program Files\\Git\\cmd\\git.exe' failed with exit code 128"
  ],
  "executionTimeInSeconds": 1,
  "startTime": "2026-06-12T08:09:00.5136234Z",
  "finishTime": "2026-06-12T08:09:01.476288Z"
}.
[2026-06-12 08:09:01Z INFO StepsRunner] No need for updating job result with current step result 'Succeeded'.
[2026-06-12 08:09:01Z INFO StepsRunner] Current state: job state = 'Failed'
[2026-06-12 08:09:01Z INFO JobRunner] Finalize job.
[2026-06-12 08:09:01Z INFO HostContext] Well known directory 'Bin': 'C:\Users\user\IdeaProjects\AssignmentDay37\actions-runner\bin'
[2026-06-12 08:09:01Z INFO HostContext] Well known directory 'Root': 'C:\Users\user\IdeaProjects\AssignmentDay37\actions-runner'
[2026-06-12 08:09:01Z INFO HostContext] Well known directory 'Diag': 'C:\Users\user\IdeaProjects\AssignmentDay37\actions-runner\_diag'
[2026-06-12 08:09:01Z INFO HostContext] Well known directory 'Bin': 'C:\Users\user\IdeaProjects\AssignmentDay37\actions-runner\bin'
[2026-06-12 08:09:01Z INFO HostContext] Well known directory 'Root': 'C:\Users\user\IdeaProjects\AssignmentDay37\actions-runner'
[2026-06-12 08:09:01Z INFO HostContext] Well known directory 'Diag': 'C:\Users\user\IdeaProjects\AssignmentDay37\actions-runner\_diag'
[2026-06-12 08:09:01Z INFO JobExtension] Initialize Env context
[2026-06-12 08:09:01Z INFO JobExtension] Initialize steps context
[2026-06-12 08:09:01Z INFO JobExtension] Total accessible running process: 308.
[2026-06-12 08:09:01Z INFO JobExtension] Inspecting process environment variables. PID: 15488 (svchost)
[2026-06-12 08:09:01Z WARN JobExtension] Ignore exception during read process environment variables: Access is denied.
[2026-06-12 08:09:01Z INFO JobExtension] Wait for all connectivity checks to finish.
[2026-06-12 08:09:01Z INFO JobExtension] Connectivity check result: GitHub.Runner.Worker.JobExtension+CheckResult
[2026-06-12 08:09:01Z INFO JobExtension] Connectivity check result: GitHub.Runner.Worker.JobExtension+CheckResult
[2026-06-12 08:09:01Z INFO JobExtension] Connectivity check result: GitHub.Runner.Worker.JobExtension+CheckResult
[2026-06-12 08:09:01Z INFO ExecutionContext] Publish step telemetry for current step {
  "action": "complete_job",
  "type": "runner",
  "stage": "Post",
  "stepId": "369d8da9-6ba9-4edd-99f6-03e179919f8c",
  "result": "succeeded",
  "errorMessages": [
    "Node.js 20 actions are deprecated. The following actions are running on Node.js 20 and may not work as expected: actions/checkout@v4. Actions will be forced to run with Node.js 24 by default starting June 16th, 2026. Node.js 20 will be removed from the run"
  ],
  "executionTimeInSeconds": 1,
  "startTime": "2026-06-12T08:09:01.4805418Z",
  "finishTime": "2026-06-12T08:09:01.4951677Z"
}.
[2026-06-12 08:09:01Z INFO JobRunner] Job result after all job steps finish: Failed
[2026-06-12 08:09:01Z INFO JobRunner] Completing the job execution context.
[2026-06-12 08:09:01Z INFO JobRunner] Shutting down the job server queue.
[2026-06-12 08:09:01Z INFO JobServerQueue] Fire signal to shutdown all queues.
[2026-06-12 08:09:01Z INFO JobServerQueue] Got a step log file to send to results service.
[2026-06-12 08:09:01Z INFO JobServerQueue] Starting upload of step log file to results service ResultsLog, C:\Users\user\IdeaProjects\AssignmentDay37\actions-runner\_diag\blocks\8100717b-2c0c-4d2c-a913-504379f3d06e_32a4d18d-d2de-4cac-8de7-c99c812d1546.1
[2026-06-12 08:09:02Z INFO JobServerQueue] Tried to upload 2 file(s) to results, success rate: 2/2.
[2026-06-12 08:09:03Z INFO JobServerQueue] All queue process task stopped.
[2026-06-12 08:09:03Z INFO JobServerQueue] Try to append 1 batches web console lines for record '2862bbb8-a81c-47a8-b88d-cb5053d78227', success rate: 1/1.
[2026-06-12 08:09:03Z INFO JobServerQueue] Try to append 1 batches web console lines for record '369d8da9-6ba9-4edd-99f6-03e179919f8c', success rate: 1/1.
[2026-06-12 08:09:03Z INFO JobServerQueue] Web console line queue drained.
[2026-06-12 08:09:03Z INFO JobServerQueue] Uploading 3 files in one shot.
[2026-06-12 08:09:03Z INFO JobServerQueue] Try to upload 3 log files or attachments, success rate: 3/3.
[2026-06-12 08:09:03Z INFO JobServerQueue] File upload queue drained.
[2026-06-12 08:09:03Z INFO JobServerQueue] Starting results-based upload queue...
[2026-06-12 08:09:03Z INFO JobServerQueue] Uploading 3 file(s) in one shot through results service.
[2026-06-12 08:09:03Z INFO JobServerQueue] Got a step log file to send to results service.
[2026-06-12 08:09:03Z INFO JobServerQueue] Starting upload of step log file to results service ResultsLog, C:\Users\user\IdeaProjects\AssignmentDay37\actions-runner\_diag\blocks\8100717b-2c0c-4d2c-a913-504379f3d06e_2862bbb8-a81c-47a8-b88d-cb5053d78227.1
[2026-06-12 08:09:05Z INFO JobServerQueue] Got a step log file to send to results service.
[2026-06-12 08:09:05Z INFO JobServerQueue] Starting upload of step log file to results service ResultsLog, C:\Users\user\IdeaProjects\AssignmentDay37\actions-runner\_diag\blocks\8100717b-2c0c-4d2c-a913-504379f3d06e_369d8da9-6ba9-4edd-99f6-03e179919f8c.1
[2026-06-12 08:09:06Z INFO JobServerQueue] Got a job log file to send to results service.
[2026-06-12 08:09:06Z INFO JobServerQueue] Starting upload of job log file to results service ResultsLog, C:\Users\user\IdeaProjects\AssignmentDay37\actions-runner\_diag\blocks\8100717b-2c0c-4d2c-a913-504379f3d06e_8f25fbec-b404-5cdc-8536-7a7fcbb4430e.1
[2026-06-12 08:09:06Z INFO JobServerQueue] Tried to upload 3 file(s) to results, success rate: 3/3.
[2026-06-12 08:09:06Z INFO JobServerQueue] Results upload queue drained.
[2026-06-12 08:09:07Z INFO JobServerQueue] Timeline update queue drained.
[2026-06-12 08:09:07Z INFO JobServerQueue] Disposing job server ...
[2026-06-12 08:09:07Z INFO JobServerQueue] Disposing results server ...
[2026-06-12 08:09:07Z INFO JobServerQueue] All queue process tasks have been stopped, and all queues are drained.
[2026-06-12 08:09:07Z INFO TempDirectoryManager] Cleaning runner temp folder: C:\Users\user\IdeaProjects\AssignmentDay37\actions-runner\_work\_temp
[2026-06-12 08:09:07Z INFO HostContext] Well known directory 'Bin': 'C:\Users\user\IdeaProjects\AssignmentDay37\actions-runner\bin'
[2026-06-12 08:09:07Z INFO HostContext] Well known directory 'Root': 'C:\Users\user\IdeaProjects\AssignmentDay37\actions-runner'
[2026-06-12 08:09:07Z INFO HostContext] Well known directory 'Diag': 'C:\Users\user\IdeaProjects\AssignmentDay37\actions-runner\_diag'
[2026-06-12 08:09:07Z INFO HostContext] Well known config file 'Telemetry': 'C:\Users\user\IdeaProjects\AssignmentDay37\actions-runner\_diag\.telemetry'
[2026-06-12 08:09:07Z INFO JobRunner] Raising job completed against run service
[2026-06-12 08:09:08Z INFO Worker] Job completed.
